Mobility_surrogate_key,Mobility_key,Date,Metro_area,Subregion,Province,Retail_and_recreation,Grocery_and_pharmacy,Park,Transit_stations,Workplaces,Residential
0,ChIJmcB2guBn0UwRr0RW_iic0LY20200901,2020-09-01,,Ottawa,Ontario,-18.0,-4.0,47.0,-59.0,-57.0,16.0
1,ChIJmcB2guBn0UwRr0RW_iic0LY20200902,2020-09-02,,Ottawa,Ontario,-22.0,-6.0,8.0,-62.0,-57.0,17.0
2,ChIJmcB2guBn0UwRr0RW_iic0LY20200903,2020-09-03,,Ottawa,Ontario,-13.0,2.0,77.0,-56.0,-56.0,15.0
3,ChIJmcB2guBn0UwRr0RW_iic0LY20200904,2020-09-04,,Ottawa,Ontario,-22.0,-5.0,61.0,-54.0,-53.0,14.0
4,ChIJmcB2guBn0UwRr0RW_iic0LY20200905,2020-09-05,,Ottawa,Ontario,-18.0,-5.0,0,-40.0,-4.0,1.0
5,ChIJmcB2guBn0UwRr0RW_iic0LY20200906,2020-09-06,,Ottawa,Ontario,-3.0,9.0,0,-39.0,4.0,-2.0
6,ChIJmcB2guBn0UwRr0RW_iic0LY20200907,2020-09-07,,Ottawa,Ontario,-57.0,-55.0,29.0,-77.0,-84.0,21.0
7,ChIJmcB2guBn0UwRr0RW_iic0LY20200908,2020-09-08,,Ottawa,Ontario,-17.0,6.0,13.0,-58.0,-58.0,16.0
8,ChIJmcB2guBn0UwRr0RW_iic0LY20200909,2020-09-09,,Ottawa,Ontario,-24.0,-7.0,2.0,-61.0,-57.0,18.0
9,ChIJmcB2guBn0UwRr0RW_iic0LY20200910,2020-09-10,,Ottawa,Ontario,-18.0,-1.0,21.0,-58.0,-56.0,17.0
10,ChIJmcB2guBn0UwRr0RW_iic0LY20200911,2020-09-11,,Ottawa,Ontario,-24.0,-9.0,78.0,-53.0,-52.0,15.0
11,ChIJmcB2guBn0UwRr0RW_iic0LY20200912,2020-09-12,,Ottawa,Ontario,-15.0,-3.0,175.0,-36.0,0.0,2.0
12,ChIJmcB2guBn0UwRr0RW_iic0LY20200913,2020-09-13,,Ottawa,Ontario,-17.0,-3.0,37.0,-46.0,-2.0,4.0
13,ChIJmcB2guBn0UwRr0RW_iic0LY20200914,2020-09-14,,Ottawa,Ontario,-19.0,-6.0,57.0,-59.0,-55.0,16.0
14,ChIJmcB2guBn0UwRr0RW_iic0LY20200915,2020-09-15,,Ottawa,Ontario,-21.0,-8.0,24.0,-59.0,-53.0,17.0
15,ChIJmcB2guBn0UwRr0RW_iic0LY20200916,2020-09-16,,Ottawa,Ontario,-22.0,-9.0,58.0,-59.0,-54.0,16.0
16,ChIJmcB2guBn0UwRr0RW_iic0LY20200917,2020-09-17,,Ottawa,Ontario,-19.0,-4.0,42.0,-58.0,-54.0,17.0
17,ChIJmcB2guBn0UwRr0RW_iic0LY20200918,2020-09-18,,Ottawa,Ontario,-26.0,-11.0,42.0,-56.0,-50.0,16.0
18,ChIJmcB2guBn0UwRr0RW_iic0LY20200919,2020-09-19,,Ottawa,Ontario,-18.0,-4.0,113.0,-42.0,-1.0,3.0
19,ChIJmcB2guBn0UwRr0RW_iic0LY20200920,2020-09-20,,Ottawa,Ontario,-13.0,1.0,131.0,-46.0,3.0,1.0
20,ChIJmcB2guBn0UwRr0RW_iic0LY20200921,2020-09-21,,Ottawa,Ontario,-22.0,-8.0,51.0,-61.0,-57.0,16.0
21,ChIJmcB2guBn0UwRr0RW_iic0LY20200922,2020-09-22,,Ottawa,Ontario,-25.0,-8.0,32.0,-60.0,-54.0,17.0
22,ChIJmcB2guBn0UwRr0RW_iic0LY20200923,2020-09-23,,Ottawa,Ontario,-26.0,-9.0,41.0,-62.0,-53.0,17.0
23,ChIJmcB2guBn0UwRr0RW_iic0LY20200924,2020-09-24,,Ottawa,Ontario,-25.0,-7.0,9.0,-62.0,-53.0,18.0
24,ChIJmcB2guBn0UwRr0RW_iic0LY20200925,2020-09-25,,Ottawa,Ontario,-29.0,-10.0,39.0,-58.0,-49.0,16.0
25,ChIJmcB2guBn0UwRr0RW_iic0LY20200926,2020-09-26,,Ottawa,Ontario,-21.0,-6.0,131.0,-46.0,0.0,3.0
26,ChIJmcB2guBn0UwRr0RW_iic0LY20200927,2020-09-27,,Ottawa,Ontario,-17.0,-1.0,117.0,-47.0,4.0,1.0
27,ChIJmcB2guBn0UwRr0RW_iic0LY20200928,2020-09-28,,Ottawa,Ontario,-25.0,-8.0,47.0,-63.0,-55.0,17.0
28,ChIJmcB2guBn0UwRr0RW_iic0LY20200929,2020-09-29,,Ottawa,Ontario,-28.0,-9.0,-6.0,-64.0,-54.0,18.0
29,ChIJmcB2guBn0UwRr0RW_iic0LY20200930,2020-09-30,,Ottawa,Ontario,-27.0,-6.0,-14.0,-65.0,-54.0,19.0
30,ChIJmcB2guBn0UwRr0RW_iic0LY20201001,2020-10-01,,Ottawa,Ontario,-23.0,-2.0,9.0,-61.0,-52.0,18.0
31,ChIJmcB2guBn0UwRr0RW_iic0LY20201002,2020-10-02,,Ottawa,Ontario,-33.0,-12.0,-8.0,-62.0,-49.0,19.0
32,ChIJmcB2guBn0UwRr0RW_iic0LY20201003,2020-10-03,,Ottawa,Ontario,-22.0,-3.0,78.0,-47.0,-3.0,5.0
33,ChIJmcB2guBn0UwRr0RW_iic0LY20201004,2020-10-04,,Ottawa,Ontario,-20.0,0.0,50.0,-53.0,-1.0,4.0
34,ChIJmcB2guBn0UwRr0RW_iic0LY20201005,2020-10-05,,Ottawa,Ontario,-27.0,-7.0,6.0,-65.0,-56.0,18.0
35,ChIJmcB2guBn0UwRr0RW_iic0LY20201006,2020-10-06,,Ottawa,Ontario,-28.0,-6.0,-4.0,-64.0,-53.0,18.0
36,ChIJmcB2guBn0UwRr0RW_iic0LY20201007,2020-10-07,,Ottawa,Ontario,-32.0,-9.0,-26.0,-68.0,-53.0,19.0
37,ChIJmcB2guBn0UwRr0RW_iic0LY20201008,2020-10-08,,Ottawa,Ontario,-24.0,3.0,5.0,-61.0,-52.0,18.0
38,ChIJmcB2guBn0UwRr0RW_iic0LY20201009,2020-10-09,,Ottawa,Ontario,-29.0,0.0,19.0,-57.0,-50.0,17.0
39,ChIJmcB2guBn0UwRr0RW_iic0LY20201010,2020-10-10,,Ottawa,Ontario,-29.0,1.0,89.0,-49.0,-4.0,6.0
40,ChIJmcB2guBn0UwRr0RW_iic0LY20201011,2020-10-11,,Ottawa,Ontario,-27.0,4.0,96.0,-51.0,0.0,3.0
41,ChIJmcB2guBn0UwRr0RW_iic0LY20201012,2020-10-12,,Ottawa,Ontario,-70.0,-62.0,42.0,-81.0,-84.0,24.0
42,ChIJmcB2guBn0UwRr0RW_iic0LY20201013,2020-10-13,,Ottawa,Ontario,-34.0,-7.0,-28.0,-65.0,-55.0,20.0
43,ChIJmcB2guBn0UwRr0RW_iic0LY20201014,2020-10-14,,Ottawa,Ontario,-31.0,-6.0,23.0,-63.0,-53.0,19.0
44,ChIJmcB2guBn0UwRr0RW_iic0LY20201015,2020-10-15,,Ottawa,Ontario,-33.0,-9.0,-25.0,-64.0,-54.0,21.0
45,ChIJmcB2guBn0UwRr0RW_iic0LY20201016,2020-10-16,,Ottawa,Ontario,-35.0,-8.0,-3.0,-61.0,-50.0,20.0
46,ChIJmcB2guBn0UwRr0RW_iic0LY20201017,2020-10-17,,Ottawa,Ontario,-25.0,-2.0,107.0,-46.0,-7.0,6.0
47,ChIJmcB2guBn0UwRr0RW_iic0LY20201018,2020-10-18,,Ottawa,Ontario,-25.0,-1.0,55.0,-52.0,-6.0,6.0
48,ChIJmcB2guBn0UwRr0RW_iic0LY20201019,2020-10-19,,Ottawa,Ontario,-34.0,-12.0,-19.0,-66.0,-57.0,20.0
49,ChIJmcB2guBn0UwRr0RW_iic0LY20201020,2020-10-20,,Ottawa,Ontario,-31.0,-7.0,0.0,-63.0,-54.0,19.0
50,ChIJmcB2guBn0UwRr0RW_iic0LY20201021,2020-10-21,,Ottawa,Ontario,-36.0,-13.0,-25.0,-67.0,-54.0,21.0
51,ChIJmcB2guBn0UwRr0RW_iic0LY20201022,2020-10-22,,Ottawa,Ontario,-30.0,-4.0,0.0,-61.0,-53.0,19.0
52,ChIJmcB2guBn0UwRr0RW_iic0LY20201023,2020-10-23,,Ottawa,Ontario,-30.0,-8.0,76.0,-56.0,-48.0,17.0
53,ChIJmcB2guBn0UwRr0RW_iic0LY20201024,2020-10-24,,Ottawa,Ontario,-27.0,-1.0,38.0,-49.0,-8.0,7.0
54,ChIJmcB2guBn0UwRr0RW_iic0LY20201025,2020-10-25,,Ottawa,Ontario,-23.0,1.0,60.0,-51.0,-4.0,5.0
55,ChIJmcB2guBn0UwRr0RW_iic0LY20201026,2020-10-26,,Ottawa,Ontario,-35.0,-13.0,-31.0,-66.0,-56.0,20.0
56,ChIJmcB2guBn0UwRr0RW_iic0LY20201027,2020-10-27,,Ottawa,Ontario,-31.0,-5.0,-15.0,-63.0,-53.0,19.0
57,ChIJmcB2guBn0UwRr0RW_iic0LY20201028,2020-10-28,,Ottawa,Ontario,-31.0,-6.0,-9.0,-63.0,-52.0,19.0
58,ChIJmcB2guBn0UwRr0RW_iic0LY20201029,2020-10-29,,Ottawa,Ontario,-28.0,-2.0,-21.0,-63.0,-52.0,19.0
59,ChIJmcB2guBn0UwRr0RW_iic0LY20201030,2020-10-30,,Ottawa,Ontario,-32.0,-3.0,-2.0,-59.0,-48.0,19.0
60,ChIJmcB2guBn0UwRr0RW_iic0LY20201031,2020-10-31,,Ottawa,Ontario,-26.0,3.0,51.0,-47.0,-6.0,6.0
61,ChIJmcB2guBn0UwRr0RW_iic0LY20201101,2020-11-01,,Ottawa,Ontario,-29.0,-3.0,-21.0,-56.0,-9.0,6.0
62,ChIJmcB2guBn0UwRr0RW_iic0LY20201102,2020-11-02,,Ottawa,Ontario,-35.0,-12.0,-29.0,-67.0,-55.0,19.0
63,ChIJmcB2guBn0UwRr0RW_iic0LY20201103,2020-11-03,,Ottawa,Ontario,-36.0,-15.0,-36.0,-66.0,-53.0,20.0
64,ChIJmcB2guBn0UwRr0RW_iic0LY20201104,2020-11-04,,Ottawa,Ontario,-35.0,-12.0,-14.0,-67.0,-52.0,20.0
65,ChIJmcB2guBn0UwRr0RW_iic0LY20201105,2020-11-05,,Ottawa,Ontario,-29.0,-7.0,10.0,-62.0,-51.0,19.0
66,ChIJmcB2guBn0UwRr0RW_iic0LY20201106,2020-11-06,,Ottawa,Ontario,-33.0,-11.0,21.0,-59.0,-48.0,19.0
67,ChIJmcB2guBn0UwRr0RW_iic0LY20201107,2020-11-07,,Ottawa,Ontario,-20.0,-3.0,114.0,-47.0,-2.0,5.0
68,ChIJmcB2guBn0UwRr0RW_iic0LY20201108,2020-11-08,,Ottawa,Ontario,-15.0,1.0,143.0,-49.0,2.0,3.0
69,ChIJmcB2guBn0UwRr0RW_iic0LY20201109,2020-11-09,,Ottawa,Ontario,-27.0,-8.0,34.0,-64.0,-53.0,18.0
70,ChIJmcB2guBn0UwRr0RW_iic0LY20201110,2020-11-10,,Ottawa,Ontario,-25.0,-6.0,20.0,-60.0,-50.0,18.0
71,ChIJmcB2guBn0UwRr0RW_iic0LY20201111,2020-11-11,,Ottawa,Ontario,-26.0,-9.0,-2.0,-65.0,-56.0,20.0
72,ChIJmcB2guBn0UwRr0RW_iic0LY20201112,2020-11-12,,Ottawa,Ontario,-26.0,-3.0,-14.0,-62.0,-50.0,19.0
73,ChIJmcB2guBn0UwRr0RW_iic0LY20201113,2020-11-13,,Ottawa,Ontario,-30.0,-10.0,-12.0,-60.0,-48.0,20.0
74,ChIJmcB2guBn0UwRr0RW_iic0LY20201114,2020-11-14,,Ottawa,Ontario,-20.0,-1.0,37.0,-48.0,-4.0,6.0
75,ChIJmcB2guBn0UwRr0RW_iic0LY20201115,2020-11-15,,Ottawa,Ontario,-26.0,-8.0,-30.0,-56.0,-6.0,7.0
76,ChIJmcB2guBn0UwRr0RW_iic0LY20201116,2020-11-16,,Ottawa,Ontario,-31.0,-12.0,-24.0,-66.0,-54.0,19.0
77,ChIJmcB2guBn0UwRr0RW_iic0LY20201117,2020-11-17,,Ottawa,Ontario,-31.0,-12.0,-31.0,-65.0,-50.0,20.0
78,ChIJmcB2guBn0UwRr0RW_iic0LY20201118,2020-11-18,,Ottawa,Ontario,-32.0,-12.0,-30.0,-67.0,-51.0,20.0
79,ChIJmcB2guBn0UwRr0RW_iic0LY20201119,2020-11-19,,Ottawa,Ontario,-27.0,-6.0,-18.0,-64.0,-50.0,19.0
80,ChIJmcB2guBn0UwRr0RW_iic0LY20201120,2020-11-20,,Ottawa,Ontario,-29.0,-8.0,9.0,-61.0,-47.0,19.0
81,ChIJmcB2guBn0UwRr0RW_iic0LY20201121,2020-11-21,,Ottawa,Ontario,-19.0,1.0,24.0,-53.0,-3.0,7.0
82,ChIJmcB2guBn0UwRr0RW_iic0LY20201122,2020-11-22,,Ottawa,Ontario,-22.0,-1.0,-9.0,-57.0,-4.0,7.0
83,ChIJmcB2guBn0UwRr0RW_iic0LY20201123,2020-11-23,,Ottawa,Ontario,-33.0,-18.0,-26.0,-66.0,-54.0,20.0
84,ChIJmcB2guBn0UwRr0RW_iic0LY20201124,2020-11-24,,Ottawa,Ontario,-29.0,-10.0,-33.0,-66.0,-50.0,19.0
85,ChIJmcB2guBn0UwRr0RW_iic0LY20201125,2020-11-25,,Ottawa,Ontario,-39.0,-22.0,-36.0,-68.0,-52.0,21.0
86,ChIJmcB2guBn0UwRr0RW_iic0LY20201126,2020-11-26,,Ottawa,Ontario,-25.0,-5.0,-37.0,-65.0,-50.0,20.0
87,ChIJmcB2guBn0UwRr0RW_iic0LY20201127,2020-11-27,,Ottawa,Ontario,-25.0,-5.0,-21.0,-59.0,-46.0,19.0
88,ChIJmcB2guBn0UwRr0RW_iic0LY20201128,2020-11-28,,Ottawa,Ontario,-16.0,4.0,7.0,-48.0,-1.0,7.0
89,ChIJmcB2guBn0UwRr0RW_iic0LY20201129,2020-11-29,,Ottawa,Ontario,-14.0,6.0,40.0,-51.0,1.0,5.0
90,ChIJmcB2guBn0UwRr0RW_iic0LY20201130,2020-11-30,,Ottawa,Ontario,-28.0,-11.0,-38.0,-67.0,-53.0,19.0
91,ChIJmcB2guBn0UwRr0RW_iic0LY20201201,2020-12-01,,Ottawa,Ontario,-28.0,-4.0,-39.0,-66.0,-50.0,19.0
92,ChIJmcB2guBn0UwRr0RW_iic0LY20201202,2020-12-02,,Ottawa,Ontario,-31.0,-8.0,-31.0,-68.0,-50.0,20.0
93,ChIJmcB2guBn0UwRr0RW_iic0LY20201203,2020-12-03,,Ottawa,Ontario,-26.0,-2.0,-29.0,-64.0,-49.0,19.0
94,ChIJmcB2guBn0UwRr0RW_iic0LY20201204,2020-12-04,,Ottawa,Ontario,-32.0,-9.0,-28.0,-63.0,-46.0,20.0
95,ChIJmcB2guBn0UwRr0RW_iic0LY20201205,2020-12-05,,Ottawa,Ontario,-20.0,2.0,-6.0,-53.0,-3.0,7.0
96,ChIJmcB2guBn0UwRr0RW_iic0LY20201206,2020-12-06,,Ottawa,Ontario,-19.0,3.0,10.0,-57.0,0.0,6.0
97,ChIJmcB2guBn0UwRr0RW_iic0LY20201207,2020-12-07,,Ottawa,Ontario,-28.0,-7.0,-21.0,-67.0,-53.0,19.0
98,ChIJmcB2guBn0UwRr0RW_iic0LY20201208,2020-12-08,,Ottawa,Ontario,-29.0,-8.0,-31.0,-67.0,-49.0,19.0
99,ChIJmcB2guBn0UwRr0RW_iic0LY20201209,2020-12-09,,Ottawa,Ontario,-34.0,-11.0,-28.0,-68.0,-50.0,20.0
100,ChIJmcB2guBn0UwRr0RW_iic0LY20201210,2020-12-10,,Ottawa,Ontario,-25.0,0.0,-29.0,-64.0,-49.0,19.0
101,ChIJmcB2guBn0UwRr0RW_iic0LY20201211,2020-12-11,,Ottawa,Ontario,-27.0,-1.0,-14.0,-62.0,-45.0,19.0
102,ChIJmcB2guBn0UwRr0RW_iic0LY20201212,2020-12-12,,Ottawa,Ontario,-27.0,-3.0,-25.0,-55.0,-6.0,9.0
103,ChIJmcB2guBn0UwRr0RW_iic0LY20201213,2020-12-13,,Ottawa,Ontario,-20.0,2.0,-9.0,-58.0,-1.0,6.0
104,ChIJmcB2guBn0UwRr0RW_iic0LY20201214,2020-12-14,,Ottawa,Ontario,-27.0,-4.0,-26.0,-68.0,-53.0,19.0
105,ChIJmcB2guBn0UwRr0RW_iic0LY20201215,2020-12-15,,Ottawa,Ontario,-28.0,-6.0,-43.0,-67.0,-50.0,19.0
106,ChIJmcB2guBn0UwRr0RW_iic0LY20201216,2020-12-16,,Ottawa,Ontario,-30.0,-8.0,-45.0,-69.0,-50.0,20.0
107,ChIJmcB2guBn0UwRr0RW_iic0LY20201217,2020-12-17,,Ottawa,Ontario,-22.0,4.0,-36.0,-65.0,-49.0,19.0
108,ChIJmcB2guBn0UwRr0RW_iic0LY20201218,2020-12-18,,Ottawa,Ontario,-28.0,-3.0,-24.0,-62.0,-45.0,19.0
109,ChIJmcB2guBn0UwRr0RW_iic0LY20201219,2020-12-19,,Ottawa,Ontario,-20.0,5.0,-2.0,-50.0,-2.0,7.0
110,ChIJmcB2guBn0UwRr0RW_iic0LY20201220,2020-12-20,,Ottawa,Ontario,-21.0,2.0,5.0,-55.0,2.0,6.0
111,ChIJmcB2guBn0UwRr0RW_iic0LY20201221,2020-12-21,,Ottawa,Ontario,-8.0,25.0,-14.0,-65.0,-59.0,18.0
112,ChIJmcB2guBn0UwRr0RW_iic0LY20201222,2020-12-22,,Ottawa,Ontario,-9.0,30.0,-33.0,-65.0,-57.0,18.0
113,ChIJmcB2guBn0UwRr0RW_iic0LY20201223,2020-12-23,,Ottawa,Ontario,-9.0,40.0,-31.0,-66.0,-57.0,18.0
114,ChIJmcB2guBn0UwRr0RW_iic0LY20201224,2020-12-24,,Ottawa,Ontario,-26.0,28.0,-47.0,-70.0,-67.0,20.0
115,ChIJmcB2guBn0UwRr0RW_iic0LY20201225,2020-12-25,,Ottawa,Ontario,-88.0,-83.0,-49.0,-87.0,-85.0,28.0
116,ChIJmcB2guBn0UwRr0RW_iic0LY20201226,2020-12-26,,Ottawa,Ontario,-68.0,-50.0,-23.0,-74.0,-37.0,13.0
117,ChIJmcB2guBn0UwRr0RW_iic0LY20201227,2020-12-27,,Ottawa,Ontario,-53.0,-26.0,15.0,-69.0,-19.0,9.0
118,ChIJmcB2guBn0UwRr0RW_iic0LY20201228,2020-12-28,,Ottawa,Ontario,-53.0,-23.0,-28.0,-81.0,-78.0,27.0
119,ChIJmcB2guBn0UwRr0RW_iic0LY20201229,2020-12-29,,Ottawa,Ontario,-47.0,-10.0,-30.0,-77.0,-69.0,25.0
120,ChIJmcB2guBn0UwRr0RW_iic0LY20201230,2020-12-30,,Ottawa,Ontario,-46.0,-3.0,-26.0,-77.0,-69.0,26.0
121,ChIJmcB2guBn0UwRr0RW_iic0LY20201231,2020-12-31,,Ottawa,Ontario,-38.0,14.0,-16.0,-76.0,-71.0,25.0
122,ChIJNWdhlINO1YkR3unhOZ62X8820200901,2020-09-01,,Durham,Ontario,-4.0,5.0,0,-44.0,-44.0,11.0
123,ChIJNWdhlINO1YkR3unhOZ62X8820200902,2020-09-02,,Durham,Ontario,-5.0,4.0,0,-52.0,-42.0,12.0
124,ChIJNWdhlINO1YkR3unhOZ62X8820200903,2020-09-03,,Durham,Ontario,-4.0,6.0,0,-48.0,-43.0,10.0
125,ChIJNWdhlINO1YkR3unhOZ62X8820200904,2020-09-04,,Durham,Ontario,-8.0,3.0,0,-42.0,-43.0,9.0
126,ChIJNWdhlINO1YkR3unhOZ62X8820200905,2020-09-05,,Durham,Ontario,-14.0,0.0,0,-14.0,-7.0,0.0
127,ChIJNWdhlINO1YkR3unhOZ62X8820200906,2020-09-06,,Durham,Ontario,-1.0,1.0,0,-13.0,-6.0,-2.0
128,ChIJNWdhlINO1YkR3unhOZ62X8820200907,2020-09-07,,Durham,Ontario,-45.0,-44.0,0,-63.0,-81.0,20.0
129,ChIJNWdhlINO1YkR3unhOZ62X8820200908,2020-09-08,,Durham,Ontario,-2.0,15.0,0,-48.0,-45.0,12.0
130,ChIJNWdhlINO1YkR3unhOZ62X8820200909,2020-09-09,,Durham,Ontario,-6.0,2.0,0,-52.0,-41.0,12.0
131,ChIJNWdhlINO1YkR3unhOZ62X8820200910,2020-09-10,,Durham,Ontario,-7.0,7.0,0,-50.0,-42.0,12.0
132,ChIJNWdhlINO1YkR3unhOZ62X8820200911,2020-09-11,,Durham,Ontario,-11.0,-1.0,56.0,-45.0,-39.0,10.0
133,ChIJNWdhlINO1YkR3unhOZ62X8820200912,2020-09-12,,Durham,Ontario,-9.0,3.0,144.0,-14.0,-1.0,2.0
134,ChIJNWdhlINO1YkR3unhOZ62X8820200913,2020-09-13,,Durham,Ontario,-7.0,1.0,62.0,-18.0,-5.0,3.0
135,ChIJNWdhlINO1YkR3unhOZ62X8820200914,2020-09-14,,Durham,Ontario,-7.0,2.0,67.0,-52.0,-39.0,11.0
136,ChIJNWdhlINO1YkR3unhOZ62X8820200915,2020-09-15,,Durham,Ontario,-6.0,2.0,54.0,-51.0,-40.0,12.0
137,ChIJNWdhlINO1YkR3unhOZ62X8820200916,2020-09-16,,Durham,Ontario,-8.0,-3.0,58.0,-51.0,-38.0,11.0
138,ChIJNWdhlINO1YkR3unhOZ62X8820200917,2020-09-17,,Durham,Ontario,-10.0,1.0,62.0,-49.0,-39.0,11.0
139,ChIJNWdhlINO1YkR3unhOZ62X8820200918,2020-09-18,,Durham,Ontario,-12.0,-4.0,38.0,-42.0,-37.0,10.0
140,ChIJNWdhlINO1YkR3unhOZ62X8820200919,2020-09-19,,Durham,Ontario,-10.0,1.0,110.0,-16.0,-2.0,3.0
141,ChIJNWdhlINO1YkR3unhOZ62X8820200920,2020-09-20,,Durham,Ontario,-5.0,0.0,101.0,-14.0,-3.0,2.0
142,ChIJNWdhlINO1YkR3unhOZ62X8820200921,2020-09-21,,Durham,Ontario,-11.0,-2.0,55.0,-52.0,-40.0,12.0
143,ChIJNWdhlINO1YkR3unhOZ62X8820200922,2020-09-22,,Durham,Ontario,-11.0,1.0,45.0,-51.0,-40.0,12.0
144,ChIJNWdhlINO1YkR3unhOZ62X8820200923,2020-09-23,,Durham,Ontario,-10.0,1.0,49.0,-53.0,-36.0,12.0
145,ChIJNWdhlINO1YkR3unhOZ62X8820200924,2020-09-24,,Durham,Ontario,-13.0,1.0,42.0,-52.0,-37.0,12.0
146,ChIJNWdhlINO1YkR3unhOZ62X8820200925,2020-09-25,,Durham,Ontario,-15.0,-3.0,44.0,-47.0,-35.0,11.0
147,ChIJNWdhlINO1YkR3unhOZ62X8820200926,2020-09-26,,Durham,Ontario,-11.0,2.0,131.0,-22.0,1.0,2.0
148,ChIJNWdhlINO1YkR3unhOZ62X8820200927,2020-09-27,,Durham,Ontario,-6.0,-2.0,105.0,-20.0,-1.0,2.0
149,ChIJNWdhlINO1YkR3unhOZ62X8820200928,2020-09-28,,Durham,Ontario,-13.0,0.0,52.0,-53.0,-37.0,12.0
150,ChIJNWdhlINO1YkR3unhOZ62X8820200929,2020-09-29,,Durham,Ontario,-12.0,3.0,24.0,-51.0,-39.0,12.0
151,ChIJNWdhlINO1YkR3unhOZ62X8820200930,2020-09-30,,Durham,Ontario,-13.0,-1.0,-9.0,-53.0,-37.0,13.0
152,ChIJNWdhlINO1YkR3unhOZ62X8820201001,2020-10-01,,Durham,Ontario,-12.0,7.0,24.0,-52.0,-36.0,12.0
153,ChIJNWdhlINO1YkR3unhOZ62X8820201002,2020-10-02,,Durham,Ontario,-17.0,-1.0,12.0,-50.0,-34.0,12.0
154,ChIJNWdhlINO1YkR3unhOZ62X8820201003,2020-10-03,,Durham,Ontario,-13.0,2.0,94.0,-25.0,-2.0,4.0
155,ChIJNWdhlINO1YkR3unhOZ62X8820201004,2020-10-04,,Durham,Ontario,-14.0,-2.0,-4.0,-28.0,-7.0,5.0
156,ChIJNWdhlINO1YkR3unhOZ62X8820201005,2020-10-05,,Durham,Ontario,-14.0,1.0,36.0,-55.0,-37.0,12.0
157,ChIJNWdhlINO1YkR3unhOZ62X8820201006,2020-10-06,,Durham,Ontario,-13.0,4.0,23.0,-54.0,-39.0,12.0
158,ChIJNWdhlINO1YkR3unhOZ62X8820201007,2020-10-07,,Durham,Ontario,-14.0,3.0,-5.0,-58.0,-36.0,13.0
159,ChIJNWdhlINO1YkR3unhOZ62X8820201008,2020-10-08,,Durham,Ontario,-11.0,13.0,20.0,-54.0,-36.0,12.0
160,ChIJNWdhlINO1YkR3unhOZ62X8820201009,2020-10-09,,Durham,Ontario,-13.0,11.0,33.0,-47.0,-35.0,11.0
161,ChIJNWdhlINO1YkR3unhOZ62X8820201010,2020-10-10,,Durham,Ontario,-16.0,9.0,94.0,-28.0,-3.0,4.0
162,ChIJNWdhlINO1YkR3unhOZ62X8820201011,2020-10-11,,Durham,Ontario,-14.0,5.0,74.0,-31.0,-6.0,3.0
163,ChIJNWdhlINO1YkR3unhOZ62X8820201012,2020-10-12,,Durham,Ontario,-58.0,-52.0,61.0,-75.0,-81.0,23.0
164,ChIJNWdhlINO1YkR3unhOZ62X8820201013,2020-10-13,,Durham,Ontario,-13.0,5.0,35.0,-53.0,-39.0,12.0
165,ChIJNWdhlINO1YkR3unhOZ62X8820201014,2020-10-14,,Durham,Ontario,-13.0,1.0,32.0,-57.0,-35.0,13.0
166,ChIJNWdhlINO1YkR3unhOZ62X8820201015,2020-10-15,,Durham,Ontario,-18.0,-2.0,-29.0,-58.0,-37.0,15.0
167,ChIJNWdhlINO1YkR3unhOZ62X8820201016,2020-10-16,,Durham,Ontario,-15.0,0.0,17.0,-51.0,-33.0,12.0
168,ChIJNWdhlINO1YkR3unhOZ62X8820201017,2020-10-17,,Durham,Ontario,-11.0,4.0,101.0,-26.0,0.0,5.0
169,ChIJNWdhlINO1YkR3unhOZ62X8820201018,2020-10-18,,Durham,Ontario,-13.0,-3.0,31.0,-31.0,-6.0,5.0
170,ChIJNWdhlINO1YkR3unhOZ62X8820201019,2020-10-19,,Durham,Ontario,-18.0,-4.0,-14.0,-59.0,-37.0,14.0
171,ChIJNWdhlINO1YkR3unhOZ62X8820201020,2020-10-20,,Durham,Ontario,-12.0,2.0,16.0,-55.0,-38.0,13.0
172,ChIJNWdhlINO1YkR3unhOZ62X8820201021,2020-10-21,,Durham,Ontario,-13.0,0.0,-2.0,-59.0,-35.0,14.0
173,ChIJNWdhlINO1YkR3unhOZ62X8820201022,2020-10-22,,Durham,Ontario,-14.0,4.0,5.0,-56.0,-35.0,14.0
174,ChIJNWdhlINO1YkR3unhOZ62X8820201023,2020-10-23,,Durham,Ontario,-14.0,-3.0,49.0,-51.0,-32.0,12.0
175,ChIJNWdhlINO1YkR3unhOZ62X8820201024,2020-10-24,,Durham,Ontario,-11.0,4.0,53.0,-31.0,-1.0,5.0
176,ChIJNWdhlINO1YkR3unhOZ62X8820201025,2020-10-25,,Durham,Ontario,-8.0,-1.0,31.0,-30.0,-4.0,5.0
177,ChIJNWdhlINO1YkR3unhOZ62X8820201026,2020-10-26,,Durham,Ontario,-14.0,0.0,-1.0,-59.0,-37.0,13.0
178,ChIJNWdhlINO1YkR3unhOZ62X8820201027,2020-10-27,,Durham,Ontario,-16.0,-2.0,-23.0,-58.0,-37.0,14.0
179,ChIJNWdhlINO1YkR3unhOZ62X8820201028,2020-10-28,,Durham,Ontario,-9.0,4.0,11.0,-57.0,-33.0,13.0
180,ChIJNWdhlINO1YkR3unhOZ62X8820201029,2020-10-29,,Durham,Ontario,-12.0,5.0,-9.0,-55.0,-34.0,13.0
181,ChIJNWdhlINO1YkR3unhOZ62X8820201030,2020-10-30,,Durham,Ontario,-12.0,3.0,-11.0,-51.0,-32.0,13.0
182,ChIJNWdhlINO1YkR3unhOZ62X8820201031,2020-10-31,,Durham,Ontario,-10.0,11.0,45.0,-27.0,0.0,5.0
183,ChIJNWdhlINO1YkR3unhOZ62X8820201101,2020-11-01,,Durham,Ontario,-16.0,-5.0,-31.0,-34.0,-8.0,6.0
184,ChIJNWdhlINO1YkR3unhOZ62X8820201102,2020-11-02,,Durham,Ontario,-16.0,-3.0,-19.0,-59.0,-36.0,14.0
185,ChIJNWdhlINO1YkR3unhOZ62X8820201103,2020-11-03,,Durham,Ontario,-15.0,-1.0,-15.0,-56.0,-37.0,14.0
186,ChIJNWdhlINO1YkR3unhOZ62X8820201104,2020-11-04,,Durham,Ontario,-14.0,-3.0,16.0,-56.0,-33.0,13.0
187,ChIJNWdhlINO1YkR3unhOZ62X8820201105,2020-11-05,,Durham,Ontario,-14.0,1.0,18.0,-55.0,-34.0,13.0
188,ChIJNWdhlINO1YkR3unhOZ62X8820201106,2020-11-06,,Durham,Ontario,-15.0,-4.0,19.0,-54.0,-31.0,13.0
189,ChIJNWdhlINO1YkR3unhOZ62X8820201107,2020-11-07,,Durham,Ontario,-9.0,2.0,114.0,-30.0,0.0,5.0
190,ChIJNWdhlINO1YkR3unhOZ62X8820201108,2020-11-08,,Durham,Ontario,-5.0,-1.0,104.0,-31.0,-3.0,4.0
191,ChIJNWdhlINO1YkR3unhOZ62X8820201109,2020-11-09,,Durham,Ontario,-13.0,-1.0,35.0,-61.0,-34.0,13.0
192,ChIJNWdhlINO1YkR3unhOZ62X8820201110,2020-11-10,,Durham,Ontario,-10.0,0.0,36.0,-57.0,-36.0,12.0
193,ChIJNWdhlINO1YkR3unhOZ62X8820201111,2020-11-11,,Durham,Ontario,-8.0,2.0,17.0,-57.0,-36.0,14.0
194,ChIJNWdhlINO1YkR3unhOZ62X8820201112,2020-11-12,,Durham,Ontario,-11.0,3.0,10.0,-58.0,-34.0,13.0
195,ChIJNWdhlINO1YkR3unhOZ62X8820201113,2020-11-13,,Durham,Ontario,-14.0,-3.0,-14.0,-54.0,-35.0,14.0
196,ChIJNWdhlINO1YkR3unhOZ62X8820201114,2020-11-14,,Durham,Ontario,-11.0,6.0,50.0,-30.0,-1.0,6.0
197,ChIJNWdhlINO1YkR3unhOZ62X8820201115,2020-11-15,,Durham,Ontario,-18.0,-11.0,-38.0,-40.0,-10.0,7.0
198,ChIJNWdhlINO1YkR3unhOZ62X8820201116,2020-11-16,,Durham,Ontario,-15.0,-4.0,-20.0,-62.0,-36.0,14.0
199,ChIJNWdhlINO1YkR3unhOZ62X8820201117,2020-11-17,,Durham,Ontario,-15.0,-6.0,-20.0,-59.0,-37.0,14.0
200,ChIJNWdhlINO1YkR3unhOZ62X8820201118,2020-11-18,,Durham,Ontario,-12.0,-1.0,-22.0,-61.0,-34.0,14.0
201,ChIJNWdhlINO1YkR3unhOZ62X8820201119,2020-11-19,,Durham,Ontario,-12.0,3.0,-5.0,-59.0,-34.0,14.0
202,ChIJNWdhlINO1YkR3unhOZ62X8820201120,2020-11-20,,Durham,Ontario,-12.0,1.0,12.0,-53.0,-33.0,14.0
203,ChIJNWdhlINO1YkR3unhOZ62X8820201121,2020-11-21,,Durham,Ontario,-8.0,11.0,13.0,-31.0,-1.0,6.0
204,ChIJNWdhlINO1YkR3unhOZ62X8820201122,2020-11-22,,Durham,Ontario,-21.0,-12.0,-38.0,-40.0,-9.0,8.0
205,ChIJNWdhlINO1YkR3unhOZ62X8820201123,2020-11-23,,Durham,Ontario,-16.0,-2.0,-19.0,-61.0,-36.0,15.0
206,ChIJNWdhlINO1YkR3unhOZ62X8820201124,2020-11-24,,Durham,Ontario,-14.0,0.0,-23.0,-60.0,-37.0,15.0
207,ChIJNWdhlINO1YkR3unhOZ62X8820201125,2020-11-25,,Durham,Ontario,-14.0,-3.0,-31.0,-61.0,-35.0,15.0
208,ChIJNWdhlINO1YkR3unhOZ62X8820201126,2020-11-26,,Durham,Ontario,-10.0,7.0,-15.0,-57.0,-36.0,15.0
209,ChIJNWdhlINO1YkR3unhOZ62X8820201127,2020-11-27,,Durham,Ontario,-14.0,1.0,-15.0,-51.0,-35.0,15.0
210,ChIJNWdhlINO1YkR3unhOZ62X8820201128,2020-11-28,,Durham,Ontario,-9.0,9.0,41.0,-28.0,-2.0,7.0
211,ChIJNWdhlINO1YkR3unhOZ62X8820201129,2020-11-29,,Durham,Ontario,-7.0,2.0,34.0,-34.0,-6.0,6.0
212,ChIJNWdhlINO1YkR3unhOZ62X8820201130,2020-11-30,,Durham,Ontario,-16.0,-4.0,-39.0,-63.0,-37.0,16.0
213,ChIJNWdhlINO1YkR3unhOZ62X8820201201,2020-12-01,,Durham,Ontario,-18.0,-1.0,-36.0,-63.0,-39.0,16.0
214,ChIJNWdhlINO1YkR3unhOZ62X8820201202,2020-12-02,,Durham,Ontario,-13.0,3.0,-20.0,-62.0,-34.0,15.0
215,ChIJNWdhlINO1YkR3unhOZ62X8820201203,2020-12-03,,Durham,Ontario,-13.0,6.0,-14.0,-60.0,-35.0,15.0
216,ChIJNWdhlINO1YkR3unhOZ62X8820201204,2020-12-04,,Durham,Ontario,-22.0,-5.0,-37.0,-59.0,-34.0,17.0
217,ChIJNWdhlINO1YkR3unhOZ62X8820201205,2020-12-05,,Durham,Ontario,-12.0,9.0,6.0,-34.0,-5.0,8.0
218,ChIJNWdhlINO1YkR3unhOZ62X8820201206,2020-12-06,,Durham,Ontario,-11.0,2.0,5.0,-40.0,-7.0,7.0
219,ChIJNWdhlINO1YkR3unhOZ62X8820201207,2020-12-07,,Durham,Ontario,-14.0,0.0,-19.0,-63.0,-36.0,15.0
220,ChIJNWdhlINO1YkR3unhOZ62X8820201208,2020-12-08,,Durham,Ontario,-14.0,2.0,-20.0,-60.0,-36.0,15.0
221,ChIJNWdhlINO1YkR3unhOZ62X8820201209,2020-12-09,,Durham,Ontario,-19.0,-5.0,-33.0,-63.0,-36.0,16.0
222,ChIJNWdhlINO1YkR3unhOZ62X8820201210,2020-12-10,,Durham,Ontario,-11.0,10.0,-17.0,-60.0,-35.0,15.0
223,ChIJNWdhlINO1YkR3unhOZ62X8820201211,2020-12-11,,Durham,Ontario,-14.0,3.0,-9.0,-54.0,-33.0,15.0
224,ChIJNWdhlINO1YkR3unhOZ62X8820201212,2020-12-12,,Durham,Ontario,-15.0,7.0,-15.0,-32.0,-5.0,9.0
225,ChIJNWdhlINO1YkR3unhOZ62X8820201213,2020-12-13,,Durham,Ontario,-9.0,5.0,-2.0,-35.0,-8.0,7.0
226,ChIJNWdhlINO1YkR3unhOZ62X8820201214,2020-12-14,,Durham,Ontario,-10.0,9.0,-19.0,-61.0,-37.0,15.0
227,ChIJNWdhlINO1YkR3unhOZ62X8820201215,2020-12-15,,Durham,Ontario,-7.0,9.0,-24.0,-59.0,-37.0,15.0
228,ChIJNWdhlINO1YkR3unhOZ62X8820201216,2020-12-16,,Durham,Ontario,-9.0,5.0,-37.0,-61.0,-35.0,16.0
229,ChIJNWdhlINO1YkR3unhOZ62X8820201217,2020-12-17,,Durham,Ontario,-6.0,20.0,-20.0,-56.0,-35.0,15.0
230,ChIJNWdhlINO1YkR3unhOZ62X8820201218,2020-12-18,,Durham,Ontario,-11.0,11.0,-17.0,-53.0,-34.0,15.0
231,ChIJNWdhlINO1YkR3unhOZ62X8820201219,2020-12-19,,Durham,Ontario,-10.0,15.0,7.0,-26.0,-3.0,8.0
232,ChIJNWdhlINO1YkR3unhOZ62X8820201220,2020-12-20,,Durham,Ontario,-6.0,9.0,-13.0,-31.0,-6.0,7.0
233,ChIJNWdhlINO1YkR3unhOZ62X8820201221,2020-12-21,,Durham,Ontario,7.0,37.0,-4.0,-55.0,-44.0,15.0
234,ChIJNWdhlINO1YkR3unhOZ62X8820201222,2020-12-22,,Durham,Ontario,11.0,44.0,-7.0,-53.0,-47.0,15.0
235,ChIJNWdhlINO1YkR3unhOZ62X8820201223,2020-12-23,,Durham,Ontario,18.0,60.0,-5.0,-53.0,-46.0,15.0
236,ChIJNWdhlINO1YkR3unhOZ62X8820201224,2020-12-24,,Durham,Ontario,-7.0,51.0,-29.0,-62.0,-63.0,20.0
237,ChIJNWdhlINO1YkR3unhOZ62X8820201225,2020-12-25,,Durham,Ontario,-88.0,-79.0,-44.0,-88.0,-86.0,29.0
238,ChIJNWdhlINO1YkR3unhOZ62X8820201226,2020-12-26,,Durham,Ontario,-63.0,-48.0,-13.0,-67.0,-43.0,14.0
239,ChIJNWdhlINO1YkR3unhOZ62X8820201227,2020-12-27,,Durham,Ontario,-46.0,-29.0,-5.0,-60.0,-26.0,11.0
240,ChIJNWdhlINO1YkR3unhOZ62X8820201228,2020-12-28,,Durham,Ontario,-39.0,-14.0,-21.0,-78.0,-73.0,27.0
241,ChIJNWdhlINO1YkR3unhOZ62X8820201229,2020-12-29,,Durham,Ontario,-31.0,-3.0,-2.0,-73.0,-61.0,23.0
242,ChIJNWdhlINO1YkR3unhOZ62X8820201230,2020-12-30,,Durham,Ontario,-30.0,5.0,-40.0,-74.0,-59.0,24.0
243,ChIJNWdhlINO1YkR3unhOZ62X8820201231,2020-12-31,,Durham,Ontario,-23.0,26.0,0.0,-73.0,-64.0,23.0
244,ChIJz8mQnONoK4gRGbKpsIOFmnA20200901,2020-09-01,,Halton,Ontario,-12.0,2.0,0,-51.0,-49.0,14.0
245,ChIJz8mQnONoK4gRGbKpsIOFmnA20200902,2020-09-02,,Halton,Ontario,-11.0,0.0,0,-56.0,-50.0,15.0
246,ChIJz8mQnONoK4gRGbKpsIOFmnA20200903,2020-09-03,,Halton,Ontario,-11.0,3.0,0,-52.0,-49.0,13.0
247,ChIJz8mQnONoK4gRGbKpsIOFmnA20200904,2020-09-04,,Halton,Ontario,-13.0,3.0,0,-49.0,-49.0,12.0
248,ChIJz8mQnONoK4gRGbKpsIOFmnA20200905,2020-09-05,,Halton,Ontario,-20.0,0.0,0,-22.0,-7.0,2.0
249,ChIJz8mQnONoK4gRGbKpsIOFmnA20200906,2020-09-06,,Halton,Ontario,-7.0,2.0,0,0,-4.0,-1.0
250,ChIJz8mQnONoK4gRGbKpsIOFmnA20200907,2020-09-07,,Halton,Ontario,-51.0,-51.0,0,-64.0,-85.0,22.0
251,ChIJz8mQnONoK4gRGbKpsIOFmnA20200908,2020-09-08,,Halton,Ontario,-13.0,12.0,0,-55.0,-50.0,15.0
252,ChIJz8mQnONoK4gRGbKpsIOFmnA20200909,2020-09-09,,Halton,Ontario,-13.0,1.0,0,-55.0,-49.0,15.0
253,ChIJz8mQnONoK4gRGbKpsIOFmnA20200910,2020-09-10,,Halton,Ontario,-13.0,1.0,0,-50.0,-48.0,15.0
254,ChIJz8mQnONoK4gRGbKpsIOFmnA20200911,2020-09-11,,Halton,Ontario,-15.0,-1.0,137.0,-45.0,-45.0,13.0
255,ChIJz8mQnONoK4gRGbKpsIOFmnA20200912,2020-09-12,,Halton,Ontario,-13.0,1.0,254.0,-12.0,0.0,3.0
256,ChIJz8mQnONoK4gRGbKpsIOFmnA20200913,2020-09-13,,Halton,Ontario,-15.0,-4.0,129.0,-22.0,-5.0,3.0
257,ChIJz8mQnONoK4gRGbKpsIOFmnA20200914,2020-09-14,,Halton,Ontario,-15.0,0.0,146.0,-52.0,-45.0,15.0
258,ChIJz8mQnONoK4gRGbKpsIOFmnA20200915,2020-09-15,,Halton,Ontario,-16.0,-1.0,137.0,-53.0,-44.0,15.0
259,ChIJz8mQnONoK4gRGbKpsIOFmnA20200916,2020-09-16,,Halton,Ontario,-14.0,-5.0,141.0,-51.0,-46.0,15.0
260,ChIJz8mQnONoK4gRGbKpsIOFmnA20200917,2020-09-17,,Halton,Ontario,-14.0,-1.0,127.0,-52.0,-45.0,15.0
261,ChIJz8mQnONoK4gRGbKpsIOFmnA20200918,2020-09-18,,Halton,Ontario,-16.0,-2.0,109.0,-48.0,-42.0,13.0
262,ChIJz8mQnONoK4gRGbKpsIOFmnA20200919,2020-09-19,,Halton,Ontario,-15.0,2.0,217.0,-19.0,-1.0,4.0
263,ChIJz8mQnONoK4gRGbKpsIOFmnA20200920,2020-09-20,,Halton,Ontario,-13.0,-1.0,174.0,-17.0,-2.0,3.0
264,ChIJz8mQnONoK4gRGbKpsIOFmnA20200921,2020-09-21,,Halton,Ontario,-19.0,0.0,126.0,-57.0,-46.0,15.0
265,ChIJz8mQnONoK4gRGbKpsIOFmnA20200922,2020-09-22,,Halton,Ontario,-19.0,0.0,136.0,-56.0,-45.0,15.0
266,ChIJz8mQnONoK4gRGbKpsIOFmnA20200923,2020-09-23,,Halton,Ontario,-16.0,-2.0,137.0,-55.0,-45.0,15.0
267,ChIJz8mQnONoK4gRGbKpsIOFmnA20200924,2020-09-24,,Halton,Ontario,-18.0,1.0,114.0,-55.0,-44.0,16.0
268,ChIJz8mQnONoK4gRGbKpsIOFmnA20200925,2020-09-25,,Halton,Ontario,-19.0,1.0,134.0,-48.0,-41.0,13.0
269,ChIJz8mQnONoK4gRGbKpsIOFmnA20200926,2020-09-26,,Halton,Ontario,-16.0,5.0,275.0,-24.0,2.0,3.0
270,ChIJz8mQnONoK4gRGbKpsIOFmnA20200927,2020-09-27,,Halton,Ontario,-15.0,3.0,202.0,-21.0,0.0,2.0
271,ChIJz8mQnONoK4gRGbKpsIOFmnA20200928,2020-09-28,,Halton,Ontario,-21.0,2.0,117.0,-56.0,-44.0,15.0
272,ChIJz8mQnONoK4gRGbKpsIOFmnA20200929,2020-09-29,,Halton,Ontario,-20.0,4.0,98.0,-55.0,-43.0,15.0
273,ChIJz8mQnONoK4gRGbKpsIOFmnA20200930,2020-09-30,,Halton,Ontario,-19.0,0.0,44.0,-56.0,-45.0,17.0
274,ChIJz8mQnONoK4gRGbKpsIOFmnA20201001,2020-10-01,,Halton,Ontario,-18.0,4.0,76.0,-56.0,-42.0,16.0
275,ChIJz8mQnONoK4gRGbKpsIOFmnA20201002,2020-10-02,,Halton,Ontario,-22.0,-1.0,38.0,-55.0,-41.0,16.0
276,ChIJz8mQnONoK4gRGbKpsIOFmnA20201003,2020-10-03,,Halton,Ontario,-17.0,6.0,188.0,-27.0,-1.0,5.0
277,ChIJz8mQnONoK4gRGbKpsIOFmnA20201004,2020-10-04,,Halton,Ontario,-24.0,0.0,-6.0,-32.0,-8.0,6.0
278,ChIJz8mQnONoK4gRGbKpsIOFmnA20201005,2020-10-05,,Halton,Ontario,-21.0,4.0,113.0,-56.0,-43.0,15.0
279,ChIJz8mQnONoK4gRGbKpsIOFmnA20201006,2020-10-06,,Halton,Ontario,-21.0,4.0,116.0,-55.0,-43.0,15.0
280,ChIJz8mQnONoK4gRGbKpsIOFmnA20201007,2020-10-07,,Halton,Ontario,-19.0,4.0,63.0,-57.0,-44.0,17.0
281,ChIJz8mQnONoK4gRGbKpsIOFmnA20201008,2020-10-08,,Halton,Ontario,-18.0,9.0,86.0,-55.0,-42.0,16.0
282,ChIJz8mQnONoK4gRGbKpsIOFmnA20201009,2020-10-09,,Halton,Ontario,-18.0,13.0,123.0,-50.0,-41.0,14.0
283,ChIJz8mQnONoK4gRGbKpsIOFmnA20201010,2020-10-10,,Halton,Ontario,-21.0,12.0,215.0,-29.0,-4.0,5.0
284,ChIJz8mQnONoK4gRGbKpsIOFmnA20201011,2020-10-11,,Halton,Ontario,-22.0,9.0,126.0,-24.0,-6.0,3.0
285,ChIJz8mQnONoK4gRGbKpsIOFmnA20201012,2020-10-12,,Halton,Ontario,-59.0,-54.0,259.0,-78.0,-85.0,25.0
286,ChIJz8mQnONoK4gRGbKpsIOFmnA20201013,2020-10-13,,Halton,Ontario,-21.0,8.0,133.0,-55.0,-43.0,15.0
287,ChIJz8mQnONoK4gRGbKpsIOFmnA20201014,2020-10-14,,Halton,Ontario,-16.0,4.0,107.0,-55.0,-44.0,17.0
288,ChIJz8mQnONoK4gRGbKpsIOFmnA20201015,2020-10-15,,Halton,Ontario,-22.0,-2.0,-1.0,-58.0,-43.0,19.0
289,ChIJz8mQnONoK4gRGbKpsIOFmnA20201016,2020-10-16,,Halton,Ontario,-18.0,3.0,97.0,-51.0,-40.0,16.0
290,ChIJz8mQnONoK4gRGbKpsIOFmnA20201017,2020-10-17,,Halton,Ontario,-13.0,10.0,246.0,-23.0,-2.0,6.0
291,ChIJz8mQnONoK4gRGbKpsIOFmnA20201018,2020-10-18,,Halton,Ontario,-18.0,0.0,82.0,-28.0,-8.0,6.0
292,ChIJz8mQnONoK4gRGbKpsIOFmnA20201019,2020-10-19,,Halton,Ontario,-24.0,-1.0,12.0,-59.0,-43.0,18.0
293,ChIJz8mQnONoK4gRGbKpsIOFmnA20201020,2020-10-20,,Halton,Ontario,-21.0,2.0,86.0,-55.0,-42.0,16.0
294,ChIJz8mQnONoK4gRGbKpsIOFmnA20201021,2020-10-21,,Halton,Ontario,-19.0,0.0,53.0,-56.0,-44.0,18.0
295,ChIJz8mQnONoK4gRGbKpsIOFmnA20201022,2020-10-22,,Halton,Ontario,-19.0,1.0,39.0,-55.0,-42.0,18.0
296,ChIJz8mQnONoK4gRGbKpsIOFmnA20201023,2020-10-23,,Halton,Ontario,-18.0,-1.0,153.0,-50.0,-40.0,15.0
297,ChIJz8mQnONoK4gRGbKpsIOFmnA20201024,2020-10-24,,Halton,Ontario,-14.0,7.0,139.0,-26.0,-2.0,7.0
298,ChIJz8mQnONoK4gRGbKpsIOFmnA20201025,2020-10-25,,Halton,Ontario,-15.0,1.0,65.0,-25.0,-6.0,6.0
299,ChIJz8mQnONoK4gRGbKpsIOFmnA20201026,2020-10-26,,Halton,Ontario,-22.0,2.0,42.0,-55.0,-42.0,17.0
300,ChIJz8mQnONoK4gRGbKpsIOFmnA20201027,2020-10-27,,Halton,Ontario,-22.0,1.0,27.0,-56.0,-42.0,17.0
301,ChIJz8mQnONoK4gRGbKpsIOFmnA20201028,2020-10-28,,Halton,Ontario,-15.0,4.0,74.0,-56.0,-43.0,17.0
302,ChIJz8mQnONoK4gRGbKpsIOFmnA20201029,2020-10-29,,Halton,Ontario,-18.0,4.0,26.0,-56.0,-41.0,17.0
303,ChIJz8mQnONoK4gRGbKpsIOFmnA20201030,2020-10-30,,Halton,Ontario,-18.0,4.0,16.0,-54.0,-40.0,16.0
304,ChIJz8mQnONoK4gRGbKpsIOFmnA20201031,2020-10-31,,Halton,Ontario,-16.0,10.0,120.0,-24.0,-1.0,7.0
305,ChIJz8mQnONoK4gRGbKpsIOFmnA20201101,2020-11-01,,Halton,Ontario,-21.0,-2.0,-13.0,-32.0,-10.0,7.0
306,ChIJz8mQnONoK4gRGbKpsIOFmnA20201102,2020-11-02,,Halton,Ontario,-23.0,-1.0,18.0,-57.0,-42.0,17.0
307,ChIJz8mQnONoK4gRGbKpsIOFmnA20201103,2020-11-03,,Halton,Ontario,-23.0,-4.0,32.0,-57.0,-42.0,17.0
308,ChIJz8mQnONoK4gRGbKpsIOFmnA20201104,2020-11-04,,Halton,Ontario,-18.0,-6.0,91.0,-56.0,-42.0,17.0
309,ChIJz8mQnONoK4gRGbKpsIOFmnA20201105,2020-11-05,,Halton,Ontario,-18.0,-1.0,74.0,-55.0,-40.0,17.0
310,ChIJz8mQnONoK4gRGbKpsIOFmnA20201106,2020-11-06,,Halton,Ontario,-17.0,-2.0,108.0,-52.0,-38.0,16.0
311,ChIJz8mQnONoK4gRGbKpsIOFmnA20201107,2020-11-07,,Halton,Ontario,-12.0,1.0,255.0,-26.0,-1.0,5.0
312,ChIJz8mQnONoK4gRGbKpsIOFmnA20201108,2020-11-08,,Halton,Ontario,-11.0,1.0,209.0,-23.0,-4.0,4.0
313,ChIJz8mQnONoK4gRGbKpsIOFmnA20201109,2020-11-09,,Halton,Ontario,-20.0,0.0,119.0,-56.0,-41.0,16.0
314,ChIJz8mQnONoK4gRGbKpsIOFmnA20201110,2020-11-10,,Halton,Ontario,-18.0,2.0,145.0,-56.0,-41.0,16.0
315,ChIJz8mQnONoK4gRGbKpsIOFmnA20201111,2020-11-11,,Halton,Ontario,-13.0,3.0,77.0,-57.0,-44.0,17.0
316,ChIJz8mQnONoK4gRGbKpsIOFmnA20201112,2020-11-12,,Halton,Ontario,-18.0,3.0,56.0,-55.0,-41.0,17.0
317,ChIJz8mQnONoK4gRGbKpsIOFmnA20201113,2020-11-13,,Halton,Ontario,-17.0,0.0,32.0,-52.0,-40.0,17.0
318,ChIJz8mQnONoK4gRGbKpsIOFmnA20201114,2020-11-14,,Halton,Ontario,-16.0,8.0,117.0,-29.0,-2.0,8.0
319,ChIJz8mQnONoK4gRGbKpsIOFmnA20201115,2020-11-15,,Halton,Ontario,-25.0,-10.0,-41.0,-38.0,-13.0,8.0
320,ChIJz8mQnONoK4gRGbKpsIOFmnA20201116,2020-11-16,,Halton,Ontario,-26.0,-2.0,6.0,-60.0,-43.0,18.0
321,ChIJz8mQnONoK4gRGbKpsIOFmnA20201117,2020-11-17,,Halton,Ontario,-26.0,-3.0,6.0,-59.0,-43.0,18.0
322,ChIJz8mQnONoK4gRGbKpsIOFmnA20201118,2020-11-18,,Halton,Ontario,-22.0,-2.0,7.0,-58.0,-44.0,19.0
323,ChIJz8mQnONoK4gRGbKpsIOFmnA20201119,2020-11-19,,Halton,Ontario,-21.0,2.0,38.0,-57.0,-41.0,18.0
324,ChIJz8mQnONoK4gRGbKpsIOFmnA20201120,2020-11-20,,Halton,Ontario,-19.0,3.0,80.0,-50.0,-40.0,17.0
325,ChIJz8mQnONoK4gRGbKpsIOFmnA20201121,2020-11-21,,Halton,Ontario,-18.0,10.0,62.0,-28.0,-4.0,8.0
326,ChIJz8mQnONoK4gRGbKpsIOFmnA20201122,2020-11-22,,Halton,Ontario,-35.0,-14.0,-43.0,-37.0,-16.0,10.0
327,ChIJz8mQnONoK4gRGbKpsIOFmnA20201123,2020-11-23,,Halton,Ontario,-23.0,2.0,-2.0,-58.0,-44.0,19.0
328,ChIJz8mQnONoK4gRGbKpsIOFmnA20201124,2020-11-24,,Halton,Ontario,-21.0,2.0,3.0,-57.0,-43.0,18.0
329,ChIJz8mQnONoK4gRGbKpsIOFmnA20201125,2020-11-25,,Halton,Ontario,-19.0,0.0,-11.0,-56.0,-44.0,20.0
330,ChIJz8mQnONoK4gRGbKpsIOFmnA20201126,2020-11-26,,Halton,Ontario,-13.0,6.0,19.0,-53.0,-42.0,18.0
331,ChIJz8mQnONoK4gRGbKpsIOFmnA20201127,2020-11-27,,Halton,Ontario,-14.0,6.0,24.0,-49.0,-45.0,18.0
332,ChIJz8mQnONoK4gRGbKpsIOFmnA20201128,2020-11-28,,Halton,Ontario,-12.0,14.0,116.0,-19.0,-5.0,9.0
333,ChIJz8mQnONoK4gRGbKpsIOFmnA20201129,2020-11-29,,Halton,Ontario,-12.0,6.0,97.0,-20.0,-10.0,7.0
334,ChIJz8mQnONoK4gRGbKpsIOFmnA20201130,2020-11-30,,Halton,Ontario,-22.0,0.0,-32.0,-59.0,-45.0,19.0
335,ChIJz8mQnONoK4gRGbKpsIOFmnA20201201,2020-12-01,,Halton,Ontario,-31.0,-8.0,-1.0,-59.0,-46.0,20.0
336,ChIJz8mQnONoK4gRGbKpsIOFmnA20201202,2020-12-02,,Halton,Ontario,-18.0,3.0,8.0,-54.0,-44.0,19.0
337,ChIJz8mQnONoK4gRGbKpsIOFmnA20201203,2020-12-03,,Halton,Ontario,-16.0,6.0,17.0,-54.0,-41.0,19.0
338,ChIJz8mQnONoK4gRGbKpsIOFmnA20201204,2020-12-04,,Halton,Ontario,-20.0,2.0,1.0,-48.0,-40.0,19.0
339,ChIJz8mQnONoK4gRGbKpsIOFmnA20201205,2020-12-05,,Halton,Ontario,-14.0,13.0,70.0,-15.0,-5.0,9.0
340,ChIJz8mQnONoK4gRGbKpsIOFmnA20201206,2020-12-06,,Halton,Ontario,-15.0,6.0,41.0,-11.0,-12.0,8.0
341,ChIJz8mQnONoK4gRGbKpsIOFmnA20201207,2020-12-07,,Halton,Ontario,-20.0,4.0,16.0,-55.0,-43.0,18.0
342,ChIJz8mQnONoK4gRGbKpsIOFmnA20201208,2020-12-08,,Halton,Ontario,-21.0,3.0,25.0,-56.0,-42.0,18.0
343,ChIJz8mQnONoK4gRGbKpsIOFmnA20201209,2020-12-09,,Halton,Ontario,-18.0,2.0,1.0,-54.0,-43.0,19.0
344,ChIJz8mQnONoK4gRGbKpsIOFmnA20201210,2020-12-10,,Halton,Ontario,-15.0,8.0,39.0,-53.0,-42.0,18.0
345,ChIJz8mQnONoK4gRGbKpsIOFmnA20201211,2020-12-11,,Halton,Ontario,-15.0,9.0,60.0,-47.0,-41.0,18.0
346,ChIJz8mQnONoK4gRGbKpsIOFmnA20201212,2020-12-12,,Halton,Ontario,-19.0,8.0,0.0,-21.0,-8.0,11.0
347,ChIJz8mQnONoK4gRGbKpsIOFmnA20201213,2020-12-13,,Halton,Ontario,-12.0,10.0,40.0,-16.0,-11.0,8.0
348,ChIJz8mQnONoK4gRGbKpsIOFmnA20201214,2020-12-14,,Halton,Ontario,-17.0,9.0,15.0,-54.0,-44.0,18.0
349,ChIJz8mQnONoK4gRGbKpsIOFmnA20201215,2020-12-15,,Halton,Ontario,-16.0,12.0,14.0,-53.0,-43.0,18.0
350,ChIJz8mQnONoK4gRGbKpsIOFmnA20201216,2020-12-16,,Halton,Ontario,-15.0,6.0,-9.0,-56.0,-45.0,20.0
351,ChIJz8mQnONoK4gRGbKpsIOFmnA20201217,2020-12-17,,Halton,Ontario,-11.0,13.0,5.0,-51.0,-43.0,19.0
352,ChIJz8mQnONoK4gRGbKpsIOFmnA20201218,2020-12-18,,Halton,Ontario,-12.0,13.0,26.0,-47.0,-41.0,18.0
353,ChIJz8mQnONoK4gRGbKpsIOFmnA20201219,2020-12-19,,Halton,Ontario,-12.0,20.0,49.0,-15.0,-7.0,10.0
354,ChIJz8mQnONoK4gRGbKpsIOFmnA20201220,2020-12-20,,Halton,Ontario,-8.0,16.0,32.0,-8.0,-11.0,8.0
355,ChIJz8mQnONoK4gRGbKpsIOFmnA20201221,2020-12-21,,Halton,Ontario,3.0,40.0,51.0,-50.0,-52.0,18.0
356,ChIJz8mQnONoK4gRGbKpsIOFmnA20201222,2020-12-22,,Halton,Ontario,5.0,46.0,45.0,-50.0,-52.0,18.0
357,ChIJz8mQnONoK4gRGbKpsIOFmnA20201223,2020-12-23,,Halton,Ontario,15.0,63.0,71.0,-47.0,-54.0,18.0
358,ChIJz8mQnONoK4gRGbKpsIOFmnA20201224,2020-12-24,,Halton,Ontario,-14.0,46.0,3.0,-57.0,-68.0,24.0
359,ChIJz8mQnONoK4gRGbKpsIOFmnA20201225,2020-12-25,,Halton,Ontario,-87.0,-79.0,25.0,-85.0,-89.0,32.0
360,ChIJz8mQnONoK4gRGbKpsIOFmnA20201226,2020-12-26,,Halton,Ontario,-69.0,-48.0,52.0,-64.0,-47.0,16.0
361,ChIJz8mQnONoK4gRGbKpsIOFmnA20201227,2020-12-27,,Halton,Ontario,-54.0,-21.0,63.0,-53.0,-29.0,11.0
362,ChIJz8mQnONoK4gRGbKpsIOFmnA20201228,2020-12-28,,Halton,Ontario,-49.0,-8.0,43.0,-77.0,-77.0,29.0
363,ChIJz8mQnONoK4gRGbKpsIOFmnA20201229,2020-12-29,,Halton,Ontario,-42.0,2.0,94.0,-71.0,-66.0,25.0
364,ChIJz8mQnONoK4gRGbKpsIOFmnA20201230,2020-12-30,,Halton,Ontario,-40.0,8.0,-11.0,-72.0,-67.0,27.0
365,ChIJz8mQnONoK4gRGbKpsIOFmnA20201231,2020-12-31,,Halton,Ontario,-35.0,26.0,86.0,-73.0,-70.0,26.0
366,ChIJq4fryTA8K4gRoZoPr8z7Ds20200901,2020-09-01,,Peel,Ontario,-15.0,1.0,85.0,-55.0,-43.0,13.0
367,ChIJq4fryTA8K4gRoZoPr8z7Ds20200902,2020-09-02,,Peel,Ontario,-15.0,-1.0,71.0,-57.0,-44.0,13.0
368,ChIJq4fryTA8K4gRoZoPr8z7Ds20200903,2020-09-03,,Peel,Ontario,-13.0,2.0,88.0,-54.0,-43.0,12.0
369,ChIJq4fryTA8K4gRoZoPr8z7Ds20200904,2020-09-04,,Peel,Ontario,-14.0,-1.0,81.0,-54.0,-44.0,12.0
370,ChIJq4fryTA8K4gRoZoPr8z7Ds20200905,2020-09-05,,Peel,Ontario,-20.0,-6.0,90.0,-53.0,-10.0,1.0
371,ChIJq4fryTA8K4gRoZoPr8z7Ds20200906,2020-09-06,,Peel,Ontario,-10.0,-3.0,140.0,-55.0,-12.0,-2.0
372,ChIJq4fryTA8K4gRoZoPr8z7Ds20200907,2020-09-07,,Peel,Ontario,-43.0,-41.0,78.0,-71.0,-82.0,23.0
373,ChIJq4fryTA8K4gRoZoPr8z7Ds20200908,2020-09-08,,Peel,Ontario,-13.0,9.0,32.0,-55.0,-45.0,13.0
374,ChIJq4fryTA8K4gRoZoPr8z7Ds20200909,2020-09-09,,Peel,Ontario,-17.0,-2.0,45.0,-57.0,-44.0,13.0
375,ChIJq4fryTA8K4gRoZoPr8z7Ds20200910,2020-09-10,,Peel,Ontario,-15.0,2.0,56.0,-56.0,-43.0,13.0
376,ChIJq4fryTA8K4gRoZoPr8z7Ds20200911,2020-09-11,,Peel,Ontario,-17.0,-6.0,70.0,-55.0,-41.0,12.0
377,ChIJq4fryTA8K4gRoZoPr8z7Ds20200912,2020-09-12,,Peel,Ontario,-16.0,-4.0,120.0,-49.0,-2.0,3.0
378,ChIJq4fryTA8K4gRoZoPr8z7Ds20200913,2020-09-13,,Peel,Ontario,-16.0,-7.0,95.0,-55.0,-6.0,3.0
379,ChIJq4fryTA8K4gRoZoPr8z7Ds20200914,2020-09-14,,Peel,Ontario,-18.0,-6.0,65.0,-57.0,-41.0,14.0
380,ChIJq4fryTA8K4gRoZoPr8z7Ds20200915,2020-09-15,,Peel,Ontario,-17.0,-3.0,63.0,-56.0,-39.0,13.0
381,ChIJq4fryTA8K4gRoZoPr8z7Ds20200916,2020-09-16,,Peel,Ontario,-17.0,-4.0,77.0,-57.0,-41.0,13.0
382,ChIJq4fryTA8K4gRoZoPr8z7Ds20200917,2020-09-17,,Peel,Ontario,-16.0,-2.0,66.0,-55.0,-40.0,13.0
383,ChIJq4fryTA8K4gRoZoPr8z7Ds20200918,2020-09-18,,Peel,Ontario,-18.0,-8.0,46.0,-55.0,-39.0,13.0
384,ChIJq4fryTA8K4gRoZoPr8z7Ds20200919,2020-09-19,,Peel,Ontario,-17.0,-5.0,83.0,-52.0,-2.0,4.0
385,ChIJq4fryTA8K4gRoZoPr8z7Ds20200920,2020-09-20,,Peel,Ontario,-16.0,-7.0,99.0,-56.0,-4.0,2.0
386,ChIJq4fryTA8K4gRoZoPr8z7Ds20200921,2020-09-21,,Peel,Ontario,-20.0,-8.0,56.0,-58.0,-42.0,14.0
387,ChIJq4fryTA8K4gRoZoPr8z7Ds20200922,2020-09-22,,Peel,Ontario,-20.0,-4.0,55.0,-57.0,-40.0,13.0
388,ChIJq4fryTA8K4gRoZoPr8z7Ds20200923,2020-09-23,,Peel,Ontario,-20.0,-4.0,68.0,-59.0,-40.0,14.0
389,ChIJq4fryTA8K4gRoZoPr8z7Ds20200924,2020-09-24,,Peel,Ontario,-19.0,-3.0,42.0,-58.0,-40.0,14.0
390,ChIJq4fryTA8K4gRoZoPr8z7Ds20200925,2020-09-25,,Peel,Ontario,-20.0,-8.0,57.0,-57.0,-39.0,13.0
391,ChIJq4fryTA8K4gRoZoPr8z7Ds20200926,2020-09-26,,Peel,Ontario,-18.0,-5.0,106.0,-53.0,1.0,3.0
392,ChIJq4fryTA8K4gRoZoPr8z7Ds20200927,2020-09-27,,Peel,Ontario,-16.0,-7.0,110.0,-57.0,-3.0,2.0
393,ChIJq4fryTA8K4gRoZoPr8z7Ds20200928,2020-09-28,,Peel,Ontario,-23.0,-8.0,43.0,-59.0,-41.0,14.0
394,ChIJq4fryTA8K4gRoZoPr8z7Ds20200929,2020-09-29,,Peel,Ontario,-21.0,-3.0,35.0,-58.0,-39.0,14.0
395,ChIJq4fryTA8K4gRoZoPr8z7Ds20200930,2020-09-30,,Peel,Ontario,-21.0,-5.0,9.0,-59.0,-40.0,14.0
396,ChIJq4fryTA8K4gRoZoPr8z7Ds20201001,2020-10-01,,Peel,Ontario,-18.0,2.0,28.0,-57.0,-38.0,14.0
397,ChIJq4fryTA8K4gRoZoPr8z7Ds20201002,2020-10-02,,Peel,Ontario,-21.0,-8.0,13.0,-57.0,-38.0,14.0
398,ChIJq4fryTA8K4gRoZoPr8z7Ds20201003,2020-10-03,,Peel,Ontario,-19.0,-6.0,59.0,-53.0,-2.0,5.0
399,ChIJq4fryTA8K4gRoZoPr8z7Ds20201004,2020-10-04,,Peel,Ontario,-22.0,-10.0,-14.0,-60.0,-8.0,5.0
400,ChIJq4fryTA8K4gRoZoPr8z7Ds20201005,2020-10-05,,Peel,Ontario,-21.0,-6.0,34.0,-59.0,-41.0,14.0
401,ChIJq4fryTA8K4gRoZoPr8z7Ds20201006,2020-10-06,,Peel,Ontario,-21.0,-2.0,39.0,-58.0,-39.0,14.0
402,ChIJq4fryTA8K4gRoZoPr8z7Ds20201007,2020-10-07,,Peel,Ontario,-22.0,-5.0,14.0,-61.0,-40.0,15.0
403,ChIJq4fryTA8K4gRoZoPr8z7Ds20201008,2020-10-08,,Peel,Ontario,-19.0,2.0,24.0,-57.0,-39.0,14.0
404,ChIJq4fryTA8K4gRoZoPr8z7Ds20201009,2020-10-09,,Peel,Ontario,-18.0,3.0,46.0,-55.0,-39.0,13.0
405,ChIJq4fryTA8K4gRoZoPr8z7Ds20201010,2020-10-10,,Peel,Ontario,-24.0,-1.0,70.0,-53.0,-5.0,5.0
406,ChIJq4fryTA8K4gRoZoPr8z7Ds20201011,2020-10-11,,Peel,Ontario,-22.0,0.0,51.0,-60.0,-11.0,3.0
407,ChIJq4fryTA8K4gRoZoPr8z7Ds20201012,2020-10-12,,Peel,Ontario,-57.0,-47.0,65.0,-74.0,-82.0,27.0
408,ChIJq4fryTA8K4gRoZoPr8z7Ds20201013,2020-10-13,,Peel,Ontario,-24.0,1.0,46.0,-57.0,-40.0,14.0
409,ChIJq4fryTA8K4gRoZoPr8z7Ds20201014,2020-10-14,,Peel,Ontario,-25.0,-5.0,35.0,-59.0,-40.0,15.0
410,ChIJq4fryTA8K4gRoZoPr8z7Ds20201015,2020-10-15,,Peel,Ontario,-27.0,-8.0,-20.0,-60.0,-40.0,16.0
411,ChIJq4fryTA8K4gRoZoPr8z7Ds20201016,2020-10-16,,Peel,Ontario,-24.0,-6.0,28.0,-57.0,-38.0,15.0
412,ChIJq4fryTA8K4gRoZoPr8z7Ds20201017,2020-10-17,,Peel,Ontario,-23.0,-4.0,75.0,-53.0,-2.0,6.0
413,ChIJq4fryTA8K4gRoZoPr8z7Ds20201018,2020-10-18,,Peel,Ontario,-26.0,-9.0,27.0,-59.0,-9.0,6.0
414,ChIJq4fryTA8K4gRoZoPr8z7Ds20201019,2020-10-19,,Peel,Ontario,-28.0,-12.0,-12.0,-61.0,-42.0,16.0
415,ChIJq4fryTA8K4gRoZoPr8z7Ds20201020,2020-10-20,,Peel,Ontario,-25.0,-3.0,15.0,-59.0,-39.0,15.0
416,ChIJq4fryTA8K4gRoZoPr8z7Ds20201021,2020-10-21,,Peel,Ontario,-26.0,-6.0,11.0,-61.0,-40.0,16.0
417,ChIJq4fryTA8K4gRoZoPr8z7Ds20201022,2020-10-22,,Peel,Ontario,-25.0,-3.0,4.0,-58.0,-39.0,16.0
418,ChIJq4fryTA8K4gRoZoPr8z7Ds20201023,2020-10-23,,Peel,Ontario,-26.0,-9.0,60.0,-56.0,-38.0,15.0
419,ChIJq4fryTA8K4gRoZoPr8z7Ds20201024,2020-10-24,,Peel,Ontario,-24.0,-4.0,30.0,-54.0,-3.0,7.0
420,ChIJq4fryTA8K4gRoZoPr8z7Ds20201025,2020-10-25,,Peel,Ontario,-24.0,-8.0,20.0,-58.0,-9.0,5.0
421,ChIJq4fryTA8K4gRoZoPr8z7Ds20201026,2020-10-26,,Peel,Ontario,-27.0,-10.0,2.0,-60.0,-41.0,16.0
422,ChIJq4fryTA8K4gRoZoPr8z7Ds20201027,2020-10-27,,Peel,Ontario,-29.0,-9.0,-16.0,-60.0,-39.0,15.0
423,ChIJq4fryTA8K4gRoZoPr8z7Ds20201028,2020-10-28,,Peel,Ontario,-24.0,-4.0,21.0,-58.0,-39.0,15.0
424,ChIJq4fryTA8K4gRoZoPr8z7Ds20201029,2020-10-29,,Peel,Ontario,-24.0,-3.0,-10.0,-59.0,-39.0,15.0
425,ChIJq4fryTA8K4gRoZoPr8z7Ds20201030,2020-10-30,,Peel,Ontario,-25.0,-7.0,-11.0,-57.0,-38.0,15.0
426,ChIJq4fryTA8K4gRoZoPr8z7Ds20201031,2020-10-31,,Peel,Ontario,-22.0,-2.0,23.0,-52.0,-2.0,6.0
427,ChIJq4fryTA8K4gRoZoPr8z7Ds20201101,2020-11-01,,Peel,Ontario,-27.0,-9.0,-26.0,-59.0,-11.0,6.0
428,ChIJq4fryTA8K4gRoZoPr8z7Ds20201102,2020-11-02,,Peel,Ontario,-28.0,-11.0,-21.0,-60.0,-41.0,16.0
429,ChIJq4fryTA8K4gRoZoPr8z7Ds20201103,2020-11-03,,Peel,Ontario,-27.0,-6.0,-13.0,-60.0,-39.0,16.0
430,ChIJq4fryTA8K4gRoZoPr8z7Ds20201104,2020-11-04,,Peel,Ontario,-26.0,-8.0,31.0,-59.0,-39.0,15.0
431,ChIJq4fryTA8K4gRoZoPr8z7Ds20201105,2020-11-05,,Peel,Ontario,-25.0,-6.0,18.0,-58.0,-38.0,15.0
432,ChIJq4fryTA8K4gRoZoPr8z7Ds20201106,2020-11-06,,Peel,Ontario,-25.0,-9.0,39.0,-57.0,-38.0,15.0
433,ChIJq4fryTA8K4gRoZoPr8z7Ds20201107,2020-11-07,,Peel,Ontario,-20.0,-5.0,86.0,-51.0,-1.0,5.0
434,ChIJq4fryTA8K4gRoZoPr8z7Ds20201108,2020-11-08,,Peel,Ontario,-19.0,-8.0,97.0,-56.0,-6.0,4.0
435,ChIJq4fryTA8K4gRoZoPr8z7Ds20201109,2020-11-09,,Peel,Ontario,-26.0,-11.0,33.0,-60.0,-40.0,15.0
436,ChIJq4fryTA8K4gRoZoPr8z7Ds20201110,2020-11-10,,Peel,Ontario,-24.0,-4.0,46.0,-58.0,-38.0,15.0
437,ChIJq4fryTA8K4gRoZoPr8z7Ds20201111,2020-11-11,,Peel,Ontario,-23.0,-3.0,16.0,-61.0,-41.0,16.0
438,ChIJq4fryTA8K4gRoZoPr8z7Ds20201112,2020-11-12,,Peel,Ontario,-23.0,-1.0,8.0,-60.0,-39.0,16.0
439,ChIJq4fryTA8K4gRoZoPr8z7Ds20201113,2020-11-13,,Peel,Ontario,-23.0,-5.0,-9.0,-60.0,-40.0,17.0
440,ChIJq4fryTA8K4gRoZoPr8z7Ds20201114,2020-11-14,,Peel,Ontario,-23.0,-1.0,22.0,-54.0,-7.0,8.0
441,ChIJq4fryTA8K4gRoZoPr8z7Ds20201115,2020-11-15,,Peel,Ontario,-34.0,-21.0,-40.0,-65.0,-14.0,8.0
442,ChIJq4fryTA8K4gRoZoPr8z7Ds20201116,2020-11-16,,Peel,Ontario,-29.0,-13.0,-20.0,-63.0,-43.0,17.0
443,ChIJq4fryTA8K4gRoZoPr8z7Ds20201117,2020-11-17,,Peel,Ontario,-30.0,-11.0,-25.0,-62.0,-40.0,17.0
444,ChIJq4fryTA8K4gRoZoPr8z7Ds20201118,2020-11-18,,Peel,Ontario,-28.0,-11.0,-22.0,-64.0,-40.0,17.0
445,ChIJq4fryTA8K4gRoZoPr8z7Ds20201119,2020-11-19,,Peel,Ontario,-24.0,-5.0,-8.0,-61.0,-40.0,16.0
446,ChIJq4fryTA8K4gRoZoPr8z7Ds20201120,2020-11-20,,Peel,Ontario,-23.0,-5.0,22.0,-59.0,-39.0,16.0
447,ChIJq4fryTA8K4gRoZoPr8z7Ds20201121,2020-11-21,,Peel,Ontario,-20.0,0.0,0.0,-55.0,-2.0,7.0
448,ChIJq4fryTA8K4gRoZoPr8z7Ds20201122,2020-11-22,,Peel,Ontario,-35.0,-26.0,-39.0,-64.0,-13.0,8.0
449,ChIJq4fryTA8K4gRoZoPr8z7Ds20201123,2020-11-23,,Peel,Ontario,-40.0,-21.0,-29.0,-66.0,-44.0,19.0
450,ChIJq4fryTA8K4gRoZoPr8z7Ds20201124,2020-11-24,,Peel,Ontario,-38.0,-15.0,-28.0,-65.0,-42.0,18.0
451,ChIJq4fryTA8K4gRoZoPr8z7Ds20201125,2020-11-25,,Peel,Ontario,-37.0,-18.0,-32.0,-66.0,-42.0,18.0
452,ChIJq4fryTA8K4gRoZoPr8z7Ds20201126,2020-11-26,,Peel,Ontario,-32.0,-8.0,-13.0,-64.0,-42.0,17.0
453,ChIJq4fryTA8K4gRoZoPr8z7Ds20201127,2020-11-27,,Peel,Ontario,-33.0,-14.0,-12.0,-62.0,-41.0,18.0
454,ChIJq4fryTA8K4gRoZoPr8z7Ds20201128,2020-11-28,,Peel,Ontario,-35.0,-13.0,13.0,-58.0,-8.0,9.0
455,ChIJq4fryTA8K4gRoZoPr8z7Ds20201129,2020-11-29,,Peel,Ontario,-36.0,-17.0,28.0,-63.0,-15.0,7.0
456,ChIJq4fryTA8K4gRoZoPr8z7Ds20201130,2020-11-30,,Peel,Ontario,-36.0,-19.0,-42.0,-66.0,-44.0,18.0
457,ChIJq4fryTA8K4gRoZoPr8z7Ds20201201,2020-12-01,,Peel,Ontario,-43.0,-24.0,-37.0,-65.0,-45.0,20.0
458,ChIJq4fryTA8K4gRoZoPr8z7Ds20201202,2020-12-02,,Peel,Ontario,-34.0,-11.0,-20.0,-64.0,-42.0,18.0
459,ChIJq4fryTA8K4gRoZoPr8z7Ds20201203,2020-12-03,,Peel,Ontario,-33.0,-7.0,-21.0,-63.0,-41.0,18.0
460,ChIJq4fryTA8K4gRoZoPr8z7Ds20201204,2020-12-04,,Peel,Ontario,-36.0,-17.0,-28.0,-63.0,-41.0,19.0
461,ChIJq4fryTA8K4gRoZoPr8z7Ds20201205,2020-12-05,,Peel,Ontario,-35.0,-12.0,-15.0,-58.0,-8.0,10.0
462,ChIJq4fryTA8K4gRoZoPr8z7Ds20201206,2020-12-06,,Peel,Ontario,-38.0,-17.0,-5.0,-64.0,-16.0,8.0
463,ChIJq4fryTA8K4gRoZoPr8z7Ds20201207,2020-12-07,,Peel,Ontario,-36.0,-17.0,-24.0,-65.0,-44.0,18.0
464,ChIJq4fryTA8K4gRoZoPr8z7Ds20201208,2020-12-08,,Peel,Ontario,-35.0,-12.0,-22.0,-64.0,-41.0,17.0
465,ChIJq4fryTA8K4gRoZoPr8z7Ds20201209,2020-12-09,,Peel,Ontario,-37.0,-14.0,-29.0,-65.0,-42.0,18.0
466,ChIJq4fryTA8K4gRoZoPr8z7Ds20201210,2020-12-10,,Peel,Ontario,-34.0,-8.0,-15.0,-64.0,-41.0,17.0
467,ChIJq4fryTA8K4gRoZoPr8z7Ds20201211,2020-12-11,,Peel,Ontario,-34.0,-13.0,-3.0,-63.0,-41.0,18.0
468,ChIJq4fryTA8K4gRoZoPr8z7Ds20201212,2020-12-12,,Peel,Ontario,-39.0,-16.0,-33.0,-61.0,-9.0,11.0
469,ChIJq4fryTA8K4gRoZoPr8z7Ds20201213,2020-12-13,,Peel,Ontario,-37.0,-14.0,-11.0,-64.0,-16.0,8.0
470,ChIJq4fryTA8K4gRoZoPr8z7Ds20201214,2020-12-14,,Peel,Ontario,-36.0,-15.0,-28.0,-66.0,-44.0,18.0
471,ChIJq4fryTA8K4gRoZoPr8z7Ds20201215,2020-12-15,,Peel,Ontario,-34.0,-8.0,-26.0,-64.0,-42.0,17.0
472,ChIJq4fryTA8K4gRoZoPr8z7Ds20201216,2020-12-16,,Peel,Ontario,-36.0,-14.0,-38.0,-67.0,-43.0,19.0
473,ChIJq4fryTA8K4gRoZoPr8z7Ds20201217,2020-12-17,,Peel,Ontario,-32.0,-4.0,-29.0,-63.0,-42.0,18.0
474,ChIJq4fryTA8K4gRoZoPr8z7Ds20201218,2020-12-18,,Peel,Ontario,-32.0,-9.0,-15.0,-62.0,-41.0,18.0
475,ChIJq4fryTA8K4gRoZoPr8z7Ds20201219,2020-12-19,,Peel,Ontario,-36.0,-10.0,-19.0,-56.0,-10.0,10.0
476,ChIJq4fryTA8K4gRoZoPr8z7Ds20201220,2020-12-20,,Peel,Ontario,-35.0,-12.0,-10.0,-61.0,-15.0,7.0
477,ChIJq4fryTA8K4gRoZoPr8z7Ds20201221,2020-12-21,,Peel,Ontario,-25.0,3.0,-9.0,-64.0,-49.0,18.0
478,ChIJq4fryTA8K4gRoZoPr8z7Ds20201222,2020-12-22,,Peel,Ontario,-22.0,16.0,-15.0,-63.0,-48.0,17.0
479,ChIJq4fryTA8K4gRoZoPr8z7Ds20201223,2020-12-23,,Peel,Ontario,-15.0,31.0,0.0,-63.0,-49.0,17.0
480,ChIJq4fryTA8K4gRoZoPr8z7Ds20201224,2020-12-24,,Peel,Ontario,-22.0,35.0,-18.0,-68.0,-64.0,23.0
481,ChIJq4fryTA8K4gRoZoPr8z7Ds20201225,2020-12-25,,Peel,Ontario,-80.0,-73.0,-19.0,-84.0,-88.0,35.0
482,ChIJq4fryTA8K4gRoZoPr8z7Ds20201226,2020-12-26,,Peel,Ontario,-59.0,-44.0,-18.0,-69.0,-44.0,16.0
483,ChIJq4fryTA8K4gRoZoPr8z7Ds20201227,2020-12-27,,Peel,Ontario,-47.0,-28.0,3.0,-66.0,-26.0,10.0
484,ChIJq4fryTA8K4gRoZoPr8z7Ds20201228,2020-12-28,,Peel,Ontario,-40.0,-12.0,-18.0,-74.0,-73.0,28.0
485,ChIJq4fryTA8K4gRoZoPr8z7Ds20201229,2020-12-29,,Peel,Ontario,-34.0,-1.0,-4.0,-68.0,-58.0,23.0
486,ChIJq4fryTA8K4gRoZoPr8z7Ds20201230,2020-12-30,,Peel,Ontario,-32.0,3.0,-33.0,-70.0,-59.0,24.0
487,ChIJq4fryTA8K4gRoZoPr8z7Ds20201231,2020-12-31,,Peel,Ontario,-22.0,26.0,5.0,-70.0,-65.0,24.0
488,ChIJeabS5K7NKogRZIooarTPjRA20200901,2020-09-01,,York,Ontario,-14.0,4.0,0,-49.0,-49.0,15.0
489,ChIJeabS5K7NKogRZIooarTPjRA20200902,2020-09-02,,York,Ontario,-11.0,4.0,0,-52.0,-50.0,16.0
490,ChIJeabS5K7NKogRZIooarTPjRA20200903,2020-09-03,,York,Ontario,-11.0,7.0,0,-49.0,-48.0,15.0
491,ChIJeabS5K7NKogRZIooarTPjRA20200904,2020-09-04,,York,Ontario,-13.0,6.0,0,-45.0,-47.0,13.0
492,ChIJeabS5K7NKogRZIooarTPjRA20200905,2020-09-05,,York,Ontario,-20.0,0.0,0,-24.0,-11.0,2.0
493,ChIJeabS5K7NKogRZIooarTPjRA20200906,2020-09-06,,York,Ontario,-14.0,-1.0,0,-30.0,-9.0,0.0
494,ChIJeabS5K7NKogRZIooarTPjRA20200907,2020-09-07,,York,Ontario,-30.0,-21.0,0,-69.0,-83.0,23.0
495,ChIJeabS5K7NKogRZIooarTPjRA20200908,2020-09-08,,York,Ontario,-14.0,9.0,0,-52.0,-50.0,16.0
496,ChIJeabS5K7NKogRZIooarTPjRA20200909,2020-09-09,,York,Ontario,-13.0,4.0,0,-53.0,-49.0,16.0
497,ChIJeabS5K7NKogRZIooarTPjRA20200910,2020-09-10,,York,Ontario,-13.0,5.0,0,-50.0,-48.0,16.0
498,ChIJeabS5K7NKogRZIooarTPjRA20200911,2020-09-11,,York,Ontario,-16.0,2.0,163.0,-46.0,-45.0,15.0
499,ChIJeabS5K7NKogRZIooarTPjRA20200912,2020-09-12,,York,Ontario,-16.0,3.0,281.0,-21.0,-3.0,4.0
500,ChIJeabS5K7NKogRZIooarTPjRA20200913,2020-09-13,,York,Ontario,-18.0,-1.0,194.0,-31.0,-4.0,5.0
501,ChIJeabS5K7NKogRZIooarTPjRA20200914,2020-09-14,,York,Ontario,-13.0,1.0,178.0,-52.0,-45.0,15.0
502,ChIJeabS5K7NKogRZIooarTPjRA20200915,2020-09-15,,York,Ontario,-15.0,3.0,151.0,-51.0,-45.0,16.0
503,ChIJeabS5K7NKogRZIooarTPjRA20200916,2020-09-16,,York,Ontario,-14.0,0.0,175.0,-49.0,-46.0,16.0
504,ChIJeabS5K7NKogRZIooarTPjRA20200917,2020-09-17,,York,Ontario,-16.0,5.0,157.0,-50.0,-45.0,16.0
505,ChIJeabS5K7NKogRZIooarTPjRA20200918,2020-09-18,,York,Ontario,-18.0,1.0,119.0,-48.0,-43.0,15.0
506,ChIJeabS5K7NKogRZIooarTPjRA20200919,2020-09-19,,York,Ontario,-18.0,4.0,230.0,-27.0,-3.0,5.0
507,ChIJeabS5K7NKogRZIooarTPjRA20200920,2020-09-20,,York,Ontario,-18.0,-1.0,242.0,-31.0,-3.0,4.0
508,ChIJeabS5K7NKogRZIooarTPjRA20200921,2020-09-21,,York,Ontario,-16.0,0.0,169.0,-51.0,-46.0,16.0
509,ChIJeabS5K7NKogRZIooarTPjRA20200922,2020-09-22,,York,Ontario,-19.0,3.0,153.0,-51.0,-46.0,16.0
510,ChIJeabS5K7NKogRZIooarTPjRA20200923,2020-09-23,,York,Ontario,-17.0,3.0,159.0,-51.0,-45.0,16.0
511,ChIJeabS5K7NKogRZIooarTPjRA20200924,2020-09-24,,York,Ontario,-19.0,4.0,126.0,-52.0,-44.0,16.0
512,ChIJeabS5K7NKogRZIooarTPjRA20200925,2020-09-25,,York,Ontario,-20.0,2.0,139.0,-49.0,-41.0,15.0
513,ChIJeabS5K7NKogRZIooarTPjRA20200926,2020-09-26,,York,Ontario,-19.0,5.0,268.0,-27.0,0.0,4.0
514,ChIJeabS5K7NKogRZIooarTPjRA20200927,2020-09-27,,York,Ontario,-19.0,1.0,239.0,-34.0,-1.0,3.0
515,ChIJeabS5K7NKogRZIooarTPjRA20200928,2020-09-28,,York,Ontario,-21.0,-1.0,157.0,-54.0,-46.0,16.0
516,ChIJeabS5K7NKogRZIooarTPjRA20200929,2020-09-29,,York,Ontario,-20.0,6.0,107.0,-53.0,-44.0,16.0
517,ChIJeabS5K7NKogRZIooarTPjRA20200930,2020-09-30,,York,Ontario,-19.0,3.0,45.0,-56.0,-45.0,17.0
518,ChIJeabS5K7NKogRZIooarTPjRA20201001,2020-10-01,,York,Ontario,-17.0,11.0,110.0,-53.0,-42.0,16.0
519,ChIJeabS5K7NKogRZIooarTPjRA20201002,2020-10-02,,York,Ontario,-22.0,1.0,83.0,-50.0,-41.0,17.0
520,ChIJeabS5K7NKogRZIooarTPjRA20201003,2020-10-03,,York,Ontario,-21.0,2.0,211.0,-30.0,-3.0,6.0
521,ChIJeabS5K7NKogRZIooarTPjRA20201004,2020-10-04,,York,Ontario,-26.0,-4.0,24.0,-45.0,-9.0,7.0
522,ChIJeabS5K7NKogRZIooarTPjRA20201005,2020-10-05,,York,Ontario,-19.0,0.0,141.0,-53.0,-44.0,16.0
523,ChIJeabS5K7NKogRZIooarTPjRA20201006,2020-10-06,,York,Ontario,-21.0,5.0,115.0,-54.0,-45.0,17.0
524,ChIJeabS5K7NKogRZIooarTPjRA20201007,2020-10-07,,York,Ontario,-20.0,2.0,59.0,-57.0,-45.0,18.0
525,ChIJeabS5K7NKogRZIooarTPjRA20201008,2020-10-08,,York,Ontario,-19.0,9.0,85.0,-54.0,-43.0,17.0
526,ChIJeabS5K7NKogRZIooarTPjRA20201009,2020-10-09,,York,Ontario,-19.0,13.0,122.0,-50.0,-42.0,15.0
527,ChIJeabS5K7NKogRZIooarTPjRA20201010,2020-10-10,,York,Ontario,-23.0,9.0,213.0,-33.0,-5.0,6.0
528,ChIJeabS5K7NKogRZIooarTPjRA20201011,2020-10-11,,York,Ontario,-23.0,6.0,204.0,-40.0,-7.0,4.0
529,ChIJeabS5K7NKogRZIooarTPjRA20201012,2020-10-12,,York,Ontario,-45.0,-35.0,201.0,-73.0,-83.0,26.0
530,ChIJeabS5K7NKogRZIooarTPjRA20201013,2020-10-13,,York,Ontario,-21.0,8.0,140.0,-55.0,-45.0,17.0
531,ChIJeabS5K7NKogRZIooarTPjRA20201014,2020-10-14,,York,Ontario,-18.0,5.0,128.0,-55.0,-44.0,18.0
532,ChIJeabS5K7NKogRZIooarTPjRA20201015,2020-10-15,,York,Ontario,-23.0,-1.0,13.0,-59.0,-44.0,19.0
533,ChIJeabS5K7NKogRZIooarTPjRA20201016,2020-10-16,,York,Ontario,-19.0,4.0,97.0,-52.0,-40.0,17.0
534,ChIJeabS5K7NKogRZIooarTPjRA20201017,2020-10-17,,York,Ontario,-17.0,8.0,253.0,-33.0,-1.0,6.0
535,ChIJeabS5K7NKogRZIooarTPjRA20201018,2020-10-18,,York,Ontario,-20.0,-1.0,104.0,-47.0,-5.0,7.0
536,ChIJeabS5K7NKogRZIooarTPjRA20201019,2020-10-19,,York,Ontario,-27.0,-4.0,47.0,-58.0,-45.0,18.0
537,ChIJeabS5K7NKogRZIooarTPjRA20201020,2020-10-20,,York,Ontario,-26.0,3.0,91.0,-57.0,-45.0,18.0
538,ChIJeabS5K7NKogRZIooarTPjRA20201021,2020-10-21,,York,Ontario,-26.0,0.0,72.0,-59.0,-45.0,19.0
539,ChIJeabS5K7NKogRZIooarTPjRA20201022,2020-10-22,,York,Ontario,-26.0,2.0,59.0,-57.0,-43.0,19.0
540,ChIJeabS5K7NKogRZIooarTPjRA20201023,2020-10-23,,York,Ontario,-27.0,0.0,160.0,-51.0,-41.0,17.0
541,ChIJeabS5K7NKogRZIooarTPjRA20201024,2020-10-24,,York,Ontario,-27.0,5.0,142.0,-38.0,-5.0,8.0
542,ChIJeabS5K7NKogRZIooarTPjRA20201025,2020-10-25,,York,Ontario,-29.0,-1.0,127.0,-45.0,-8.0,7.0
543,ChIJeabS5K7NKogRZIooarTPjRA20201026,2020-10-26,,York,Ontario,-26.0,-2.0,62.0,-58.0,-44.0,18.0
544,ChIJeabS5K7NKogRZIooarTPjRA20201027,2020-10-27,,York,Ontario,-30.0,-2.0,15.0,-58.0,-44.0,19.0
545,ChIJeabS5K7NKogRZIooarTPjRA20201028,2020-10-28,,York,Ontario,-23.0,4.0,92.0,-56.0,-44.0,18.0
546,ChIJeabS5K7NKogRZIooarTPjRA20201029,2020-10-29,,York,Ontario,-25.0,4.0,34.0,-58.0,-43.0,19.0
547,ChIJeabS5K7NKogRZIooarTPjRA20201030,2020-10-30,,York,Ontario,-27.0,3.0,22.0,-55.0,-41.0,18.0
548,ChIJeabS5K7NKogRZIooarTPjRA20201031,2020-10-31,,York,Ontario,-26.0,9.0,138.0,-33.0,-5.0,7.0
549,ChIJeabS5K7NKogRZIooarTPjRA20201101,2020-11-01,,York,Ontario,-32.0,-3.0,-2.0,-52.0,-12.0,9.0
550,ChIJeabS5K7NKogRZIooarTPjRA20201102,2020-11-02,,York,Ontario,-28.0,-6.0,13.0,-60.0,-44.0,19.0
551,ChIJeabS5K7NKogRZIooarTPjRA20201103,2020-11-03,,York,Ontario,-29.0,0.0,31.0,-59.0,-45.0,19.0
552,ChIJeabS5K7NKogRZIooarTPjRA20201104,2020-11-04,,York,Ontario,-25.0,0.0,107.0,-56.0,-44.0,18.0
553,ChIJeabS5K7NKogRZIooarTPjRA20201105,2020-11-05,,York,Ontario,-26.0,1.0,88.0,-57.0,-42.0,18.0
554,ChIJeabS5K7NKogRZIooarTPjRA20201106,2020-11-06,,York,Ontario,-27.0,0.0,114.0,-55.0,-40.0,18.0
555,ChIJeabS5K7NKogRZIooarTPjRA20201107,2020-11-07,,York,Ontario,-20.0,3.0,265.0,-35.0,-2.0,6.0
556,ChIJeabS5K7NKogRZIooarTPjRA20201108,2020-11-08,,York,Ontario,-21.0,0.0,268.0,-41.0,-5.0,5.0
557,ChIJeabS5K7NKogRZIooarTPjRA20201109,2020-11-09,,York,Ontario,-21.0,-2.0,140.0,-56.0,-43.0,17.0
558,ChIJeabS5K7NKogRZIooarTPjRA20201110,2020-11-10,,York,Ontario,-22.0,2.0,143.0,-56.0,-43.0,17.0
559,ChIJeabS5K7NKogRZIooarTPjRA20201111,2020-11-11,,York,Ontario,-17.0,4.0,88.0,-58.0,-45.0,18.0
560,ChIJeabS5K7NKogRZIooarTPjRA20201112,2020-11-12,,York,Ontario,-22.0,4.0,70.0,-58.0,-42.0,18.0
561,ChIJeabS5K7NKogRZIooarTPjRA20201113,2020-11-13,,York,Ontario,-23.0,0.0,38.0,-57.0,-43.0,19.0
562,ChIJeabS5K7NKogRZIooarTPjRA20201114,2020-11-14,,York,Ontario,-22.0,4.0,140.0,-41.0,-3.0,8.0
563,ChIJeabS5K7NKogRZIooarTPjRA20201115,2020-11-15,,York,Ontario,-33.0,-13.0,-20.0,-57.0,-12.0,10.0
564,ChIJeabS5K7NKogRZIooarTPjRA20201116,2020-11-16,,York,Ontario,-25.0,-5.0,18.0,-62.0,-44.0,19.0
565,ChIJeabS5K7NKogRZIooarTPjRA20201117,2020-11-17,,York,Ontario,-28.0,-4.0,13.0,-62.0,-44.0,20.0
566,ChIJeabS5K7NKogRZIooarTPjRA20201118,2020-11-18,,York,Ontario,-26.0,-3.0,10.0,-61.0,-45.0,20.0
567,ChIJeabS5K7NKogRZIooarTPjRA20201119,2020-11-19,,York,Ontario,-23.0,2.0,49.0,-60.0,-42.0,19.0
568,ChIJeabS5K7NKogRZIooarTPjRA20201120,2020-11-20,,York,Ontario,-22.0,2.0,89.0,-56.0,-41.0,18.0
569,ChIJeabS5K7NKogRZIooarTPjRA20201121,2020-11-21,,York,Ontario,-22.0,7.0,66.0,-42.0,-4.0,9.0
570,ChIJeabS5K7NKogRZIooarTPjRA20201122,2020-11-22,,York,Ontario,-39.0,-21.0,2.0,-57.0,-16.0,11.0
571,ChIJeabS5K7NKogRZIooarTPjRA20201123,2020-11-23,,York,Ontario,-24.0,-5.0,21.0,-62.0,-46.0,20.0
572,ChIJeabS5K7NKogRZIooarTPjRA20201124,2020-11-24,,York,Ontario,-24.0,-1.0,7.0,-63.0,-45.0,20.0
573,ChIJeabS5K7NKogRZIooarTPjRA20201125,2020-11-25,,York,Ontario,-22.0,-2.0,1.0,-62.0,-45.0,21.0
574,ChIJeabS5K7NKogRZIooarTPjRA20201126,2020-11-26,,York,Ontario,-19.0,6.0,26.0,-60.0,-43.0,20.0
575,ChIJeabS5K7NKogRZIooarTPjRA20201127,2020-11-27,,York,Ontario,-20.0,3.0,24.0,-58.0,-42.0,19.0
576,ChIJeabS5K7NKogRZIooarTPjRA20201128,2020-11-28,,York,Ontario,-20.0,9.0,116.0,-40.0,-5.0,9.0
577,ChIJeabS5K7NKogRZIooarTPjRA20201129,2020-11-29,,York,Ontario,-22.0,1.0,134.0,-47.0,-11.0,8.0
578,ChIJeabS5K7NKogRZIooarTPjRA20201130,2020-11-30,,York,Ontario,-22.0,-4.0,-12.0,-63.0,-45.0,20.0
579,ChIJeabS5K7NKogRZIooarTPjRA20201201,2020-12-01,,York,Ontario,-34.0,-12.0,1.0,-64.0,-48.0,22.0
580,ChIJeabS5K7NKogRZIooarTPjRA20201202,2020-12-02,,York,Ontario,-20.0,4.0,20.0,-60.0,-45.0,20.0
581,ChIJeabS5K7NKogRZIooarTPjRA20201203,2020-12-03,,York,Ontario,-21.0,7.0,25.0,-60.0,-43.0,20.0
582,ChIJeabS5K7NKogRZIooarTPjRA20201204,2020-12-04,,York,Ontario,-25.0,-2.0,0.0,-60.0,-42.0,21.0
583,ChIJeabS5K7NKogRZIooarTPjRA20201205,2020-12-05,,York,Ontario,-21.0,8.0,50.0,-42.0,-7.0,10.0
584,ChIJeabS5K7NKogRZIooarTPjRA20201206,2020-12-06,,York,Ontario,-23.0,2.0,59.0,-52.0,-13.0,9.0
585,ChIJeabS5K7NKogRZIooarTPjRA20201207,2020-12-07,,York,Ontario,-20.0,-2.0,19.0,-61.0,-45.0,19.0
586,ChIJeabS5K7NKogRZIooarTPjRA20201208,2020-12-08,,York,Ontario,-23.0,2.0,18.0,-61.0,-44.0,20.0
587,ChIJeabS5K7NKogRZIooarTPjRA20201209,2020-12-09,,York,Ontario,-25.0,-5.0,10.0,-60.0,-46.0,21.0
588,ChIJeabS5K7NKogRZIooarTPjRA20201210,2020-12-10,,York,Ontario,-19.0,7.0,19.0,-59.0,-43.0,20.0
589,ChIJeabS5K7NKogRZIooarTPjRA20201211,2020-12-11,,York,Ontario,-19.0,10.0,27.0,-57.0,-41.0,19.0
590,ChIJeabS5K7NKogRZIooarTPjRA20201212,2020-12-12,,York,Ontario,-19.0,10.0,5.0,-42.0,-7.0,11.0
591,ChIJeabS5K7NKogRZIooarTPjRA20201213,2020-12-13,,York,Ontario,-16.0,9.0,39.0,-47.0,-9.0,9.0
592,ChIJeabS5K7NKogRZIooarTPjRA20201214,2020-12-14,,York,Ontario,-36.0,-5.0,17.0,-64.0,-46.0,20.0
593,ChIJeabS5K7NKogRZIooarTPjRA20201215,2020-12-15,,York,Ontario,-36.0,-2.0,8.0,-63.0,-47.0,21.0
594,ChIJeabS5K7NKogRZIooarTPjRA20201216,2020-12-16,,York,Ontario,-36.0,-5.0,-15.0,-65.0,-47.0,22.0
595,ChIJeabS5K7NKogRZIooarTPjRA20201217,2020-12-17,,York,Ontario,-33.0,6.0,9.0,-63.0,-45.0,21.0
596,ChIJeabS5K7NKogRZIooarTPjRA20201218,2020-12-18,,York,Ontario,-35.0,1.0,9.0,-61.0,-44.0,21.0
597,ChIJeabS5K7NKogRZIooarTPjRA20201219,2020-12-19,,York,Ontario,-42.0,-3.0,41.0,-49.0,-15.0,12.0
598,ChIJeabS5K7NKogRZIooarTPjRA20201220,2020-12-20,,York,Ontario,-42.0,-6.0,32.0,-57.0,-19.0,11.0
599,ChIJeabS5K7NKogRZIooarTPjRA20201221,2020-12-21,,York,Ontario,-24.0,14.0,36.0,-64.0,-53.0,20.0
600,ChIJeabS5K7NKogRZIooarTPjRA20201222,2020-12-22,,York,Ontario,-24.0,26.0,25.0,-64.0,-54.0,21.0
601,ChIJeabS5K7NKogRZIooarTPjRA20201223,2020-12-23,,York,Ontario,-15.0,45.0,36.0,-62.0,-55.0,21.0
602,ChIJeabS5K7NKogRZIooarTPjRA20201224,2020-12-24,,York,Ontario,-30.0,36.0,-1.0,-70.0,-68.0,26.0
603,ChIJeabS5K7NKogRZIooarTPjRA20201225,2020-12-25,,York,Ontario,-83.0,-76.0,49.0,-83.0,-89.0,35.0
604,ChIJeabS5K7NKogRZIooarTPjRA20201226,2020-12-26,,York,Ontario,-64.0,-42.0,84.0,-66.0,-48.0,17.0
605,ChIJeabS5K7NKogRZIooarTPjRA20201227,2020-12-27,,York,Ontario,-51.0,-21.0,85.0,-63.0,-27.0,12.0
606,ChIJeabS5K7NKogRZIooarTPjRA20201228,2020-12-28,,York,Ontario,-41.0,-3.0,35.0,-77.0,-76.0,29.0
607,ChIJeabS5K7NKogRZIooarTPjRA20201229,2020-12-29,,York,Ontario,-37.0,6.0,48.0,-71.0,-65.0,26.0
608,ChIJeabS5K7NKogRZIooarTPjRA20201230,2020-12-30,,York,Ontario,-35.0,15.0,0.0,-72.0,-65.0,27.0
609,ChIJeabS5K7NKogRZIooarTPjRA20201231,2020-12-31,,York,Ontario,-32.0,26.0,35.0,-73.0,-69.0,27.0
610,ChIJ5b2RG4_L1IkRDtQ2gFEjLv420200901,2020-09-01,,Toronto,Ontario,-25.0,-6.0,95.0,-50.0,-52.0,14.0
611,ChIJ5b2RG4_L1IkRDtQ2gFEjLv420200902,2020-09-02,,Toronto,Ontario,-25.0,-8.0,62.0,-53.0,-52.0,15.0
612,ChIJ5b2RG4_L1IkRDtQ2gFEjLv420200903,2020-09-03,,Toronto,Ontario,-23.0,-4.0,92.0,-50.0,-50.0,14.0
613,ChIJ5b2RG4_L1IkRDtQ2gFEjLv420200904,2020-09-04,,Toronto,Ontario,-24.0,-5.0,82.0,-48.0,-50.0,13.0
614,ChIJ5b2RG4_L1IkRDtQ2gFEjLv420200905,2020-09-05,,Toronto,Ontario,-26.0,-11.0,100.0,-33.0,-12.0,2.0
615,ChIJ5b2RG4_L1IkRDtQ2gFEjLv420200906,2020-09-06,,Toronto,Ontario,-19.0,-9.0,138.0,-28.0,-12.0,-1.0
616,ChIJ5b2RG4_L1IkRDtQ2gFEjLv420200907,2020-09-07,,Toronto,Ontario,-53.0,-48.0,67.0,-71.0,-81.0,21.0
617,ChIJ5b2RG4_L1IkRDtQ2gFEjLv420200908,2020-09-08,,Toronto,Ontario,-25.0,1.0,33.0,-53.0,-52.0,14.0
618,ChIJ5b2RG4_L1IkRDtQ2gFEjLv420200909,2020-09-09,,Toronto,Ontario,-27.0,-7.0,43.0,-53.0,-51.0,15.0
619,ChIJ5b2RG4_L1IkRDtQ2gFEjLv420200910,2020-09-10,,Toronto,Ontario,-25.0,-3.0,60.0,-51.0,-49.0,15.0
620,ChIJ5b2RG4_L1IkRDtQ2gFEjLv420200911,2020-09-11,,Toronto,Ontario,-26.0,-7.0,68.0,-48.0,-48.0,14.0
621,ChIJ5b2RG4_L1IkRDtQ2gFEjLv420200912,2020-09-12,,Toronto,Ontario,-22.0,-6.0,125.0,-30.0,-6.0,3.0
622,ChIJ5b2RG4_L1IkRDtQ2gFEjLv420200913,2020-09-13,,Toronto,Ontario,-23.0,-10.0,85.0,-34.0,-10.0,3.0
623,ChIJ5b2RG4_L1IkRDtQ2gFEjLv420200914,2020-09-14,,Toronto,Ontario,-26.0,-7.0,57.0,-53.0,-48.0,15.0
624,ChIJ5b2RG4_L1IkRDtQ2gFEjLv420200915,2020-09-15,,Toronto,Ontario,-25.0,-6.0,63.0,-52.0,-48.0,15.0
625,ChIJ5b2RG4_L1IkRDtQ2gFEjLv420200916,2020-09-16,,Toronto,Ontario,-26.0,-10.0,74.0,-51.0,-49.0,15.0
626,ChIJ5b2RG4_L1IkRDtQ2gFEjLv420200917,2020-09-17,,Toronto,Ontario,-27.0,-5.0,60.0,-51.0,-48.0,15.0
627,ChIJ5b2RG4_L1IkRDtQ2gFEjLv420200918,2020-09-18,,Toronto,Ontario,-28.0,-9.0,46.0,-49.0,-47.0,14.0
628,ChIJ5b2RG4_L1IkRDtQ2gFEjLv420200919,2020-09-19,,Toronto,Ontario,-24.0,-7.0,92.0,-33.0,-7.0,4.0
629,ChIJ5b2RG4_L1IkRDtQ2gFEjLv420200920,2020-09-20,,Toronto,Ontario,-23.0,-9.0,99.0,-34.0,-9.0,3.0
630,ChIJ5b2RG4_L1IkRDtQ2gFEjLv420200921,2020-09-21,,Toronto,Ontario,-29.0,-9.0,55.0,-53.0,-49.0,15.0
631,ChIJ5b2RG4_L1IkRDtQ2gFEjLv420200922,2020-09-22,,Toronto,Ontario,-29.0,-7.0,59.0,-52.0,-49.0,15.0
632,ChIJ5b2RG4_L1IkRDtQ2gFEjLv420200923,2020-09-23,,Toronto,Ontario,-29.0,-9.0,68.0,-52.0,-48.0,15.0
633,ChIJ5b2RG4_L1IkRDtQ2gFEjLv420200924,2020-09-24,,Toronto,Ontario,-30.0,-6.0,37.0,-52.0,-47.0,16.0
634,ChIJ5b2RG4_L1IkRDtQ2gFEjLv420200925,2020-09-25,,Toronto,Ontario,-30.0,-7.0,61.0,-49.0,-46.0,14.0
635,ChIJ5b2RG4_L1IkRDtQ2gFEjLv420200926,2020-09-26,,Toronto,Ontario,-25.0,-6.0,115.0,-32.0,-4.0,3.0
636,ChIJ5b2RG4_L1IkRDtQ2gFEjLv420200927,2020-09-27,,Toronto,Ontario,-25.0,-8.0,108.0,-34.0,-7.0,2.0
637,ChIJ5b2RG4_L1IkRDtQ2gFEjLv420200928,2020-09-28,,Toronto,Ontario,-32.0,-8.0,50.0,-54.0,-48.0,15.0
638,ChIJ5b2RG4_L1IkRDtQ2gFEjLv420200929,2020-09-29,,Toronto,Ontario,-31.0,-6.0,33.0,-53.0,-48.0,15.0
639,ChIJ5b2RG4_L1IkRDtQ2gFEjLv420200930,2020-09-30,,Toronto,Ontario,-32.0,-9.0,0.0,-54.0,-48.0,17.0
640,ChIJ5b2RG4_L1IkRDtQ2gFEjLv420201001,2020-10-01,,Toronto,Ontario,-29.0,-1.0,32.0,-53.0,-45.0,16.0
641,ChIJ5b2RG4_L1IkRDtQ2gFEjLv420201002,2020-10-02,,Toronto,Ontario,-33.0,-8.0,14.0,-51.0,-45.0,16.0
642,ChIJ5b2RG4_L1IkRDtQ2gFEjLv420201003,2020-10-03,,Toronto,Ontario,-28.0,-7.0,66.0,-36.0,-7.0,6.0
643,ChIJ5b2RG4_L1IkRDtQ2gFEjLv420201004,2020-10-04,,Toronto,Ontario,-33.0,-12.0,-12.0,-43.0,-14.0,6.0
644,ChIJ5b2RG4_L1IkRDtQ2gFEjLv420201005,2020-10-05,,Toronto,Ontario,-32.0,-5.0,36.0,-54.0,-47.0,16.0
645,ChIJ5b2RG4_L1IkRDtQ2gFEjLv420201006,2020-10-06,,Toronto,Ontario,-33.0,-6.0,39.0,-53.0,-47.0,15.0
646,ChIJ5b2RG4_L1IkRDtQ2gFEjLv420201007,2020-10-07,,Toronto,Ontario,-34.0,-9.0,12.0,-55.0,-47.0,17.0
647,ChIJ5b2RG4_L1IkRDtQ2gFEjLv420201008,2020-10-08,,Toronto,Ontario,-33.0,-3.0,14.0,-53.0,-46.0,17.0
648,ChIJ5b2RG4_L1IkRDtQ2gFEjLv420201009,2020-10-09,,Toronto,Ontario,-31.0,1.0,40.0,-50.0,-45.0,15.0
649,ChIJ5b2RG4_L1IkRDtQ2gFEjLv420201010,2020-10-10,,Toronto,Ontario,-35.0,-4.0,68.0,-39.0,-9.0,5.0
650,ChIJ5b2RG4_L1IkRDtQ2gFEjLv420201011,2020-10-11,,Toronto,Ontario,-34.0,-5.0,48.0,-40.0,-12.0,3.0
651,ChIJ5b2RG4_L1IkRDtQ2gFEjLv420201012,2020-10-12,,Toronto,Ontario,-66.0,-54.0,52.0,-75.0,-82.0,24.0
652,ChIJ5b2RG4_L1IkRDtQ2gFEjLv420201013,2020-10-13,,Toronto,Ontario,-36.0,-2.0,51.0,-53.0,-49.0,16.0
653,ChIJ5b2RG4_L1IkRDtQ2gFEjLv420201014,2020-10-14,,Toronto,Ontario,-36.0,-8.0,36.0,-54.0,-47.0,17.0
654,ChIJ5b2RG4_L1IkRDtQ2gFEjLv420201015,2020-10-15,,Toronto,Ontario,-41.0,-13.0,-30.0,-56.0,-48.0,20.0
655,ChIJ5b2RG4_L1IkRDtQ2gFEjLv420201016,2020-10-16,,Toronto,Ontario,-36.0,-5.0,32.0,-51.0,-45.0,17.0
656,ChIJ5b2RG4_L1IkRDtQ2gFEjLv420201017,2020-10-17,,Toronto,Ontario,-31.0,-5.0,91.0,-37.0,-8.0,6.0
657,ChIJ5b2RG4_L1IkRDtQ2gFEjLv420201018,2020-10-18,,Toronto,Ontario,-35.0,-12.0,39.0,-42.0,-15.0,7.0
658,ChIJ5b2RG4_L1IkRDtQ2gFEjLv420201019,2020-10-19,,Toronto,Ontario,-40.0,-13.0,-18.0,-57.0,-49.0,18.0
659,ChIJ5b2RG4_L1IkRDtQ2gFEjLv420201020,2020-10-20,,Toronto,Ontario,-36.0,-7.0,25.0,-54.0,-48.0,17.0
660,ChIJ5b2RG4_L1IkRDtQ2gFEjLv420201021,2020-10-21,,Toronto,Ontario,-38.0,-12.0,12.0,-55.0,-48.0,19.0
661,ChIJ5b2RG4_L1IkRDtQ2gFEjLv420201022,2020-10-22,,Toronto,Ontario,-38.0,-7.0,5.0,-54.0,-46.0,19.0
662,ChIJ5b2RG4_L1IkRDtQ2gFEjLv420201023,2020-10-23,,Toronto,Ontario,-35.0,-8.0,69.0,-50.0,-45.0,16.0
663,ChIJ5b2RG4_L1IkRDtQ2gFEjLv420201024,2020-10-24,,Toronto,Ontario,-33.0,-5.0,49.0,-38.0,-9.0,7.0
664,ChIJ5b2RG4_L1IkRDtQ2gFEjLv420201025,2020-10-25,,Toronto,Ontario,-34.0,-11.0,30.0,-41.0,-15.0,6.0
665,ChIJ5b2RG4_L1IkRDtQ2gFEjLv420201026,2020-10-26,,Toronto,Ontario,-39.0,-11.0,0.0,-56.0,-48.0,17.0
666,ChIJ5b2RG4_L1IkRDtQ2gFEjLv420201027,2020-10-27,,Toronto,Ontario,-41.0,-14.0,-18.0,-56.0,-48.0,18.0
667,ChIJ5b2RG4_L1IkRDtQ2gFEjLv420201028,2020-10-28,,Toronto,Ontario,-34.0,-6.0,25.0,-54.0,-46.0,17.0
668,ChIJ5b2RG4_L1IkRDtQ2gFEjLv420201029,2020-10-29,,Toronto,Ontario,-37.0,-7.0,-8.0,-55.0,-46.0,18.0
669,ChIJ5b2RG4_L1IkRDtQ2gFEjLv420201030,2020-10-30,,Toronto,Ontario,-37.0,-6.0,-10.0,-53.0,-45.0,17.0
670,ChIJ5b2RG4_L1IkRDtQ2gFEjLv420201031,2020-10-31,,Toronto,Ontario,-31.0,-2.0,47.0,-36.0,-8.0,6.0
671,ChIJ5b2RG4_L1IkRDtQ2gFEjLv420201101,2020-11-01,,Toronto,Ontario,-38.0,-12.0,-23.0,-45.0,-17.0,7.0
672,ChIJ5b2RG4_L1IkRDtQ2gFEjLv420201102,2020-11-02,,Toronto,Ontario,-39.0,-13.0,-23.0,-57.0,-48.0,18.0
673,ChIJ5b2RG4_L1IkRDtQ2gFEjLv420201103,2020-11-03,,Toronto,Ontario,-39.0,-10.0,-8.0,-55.0,-47.0,17.0
674,ChIJ5b2RG4_L1IkRDtQ2gFEjLv420201104,2020-11-04,,Toronto,Ontario,-36.0,-11.0,34.0,-54.0,-47.0,18.0
675,ChIJ5b2RG4_L1IkRDtQ2gFEjLv420201105,2020-11-05,,Toronto,Ontario,-36.0,-8.0,25.0,-54.0,-45.0,18.0
676,ChIJ5b2RG4_L1IkRDtQ2gFEjLv420201106,2020-11-06,,Toronto,Ontario,-35.0,-8.0,46.0,-51.0,-44.0,17.0
677,ChIJ5b2RG4_L1IkRDtQ2gFEjLv420201107,2020-11-07,,Toronto,Ontario,-29.0,-6.0,112.0,-33.0,-7.0,6.0
678,ChIJ5b2RG4_L1IkRDtQ2gFEjLv420201108,2020-11-08,,Toronto,Ontario,-28.0,-8.0,115.0,-36.0,-11.0,4.0
679,ChIJ5b2RG4_L1IkRDtQ2gFEjLv420201109,2020-11-09,,Toronto,Ontario,-36.0,-10.0,45.0,-55.0,-47.0,17.0
680,ChIJ5b2RG4_L1IkRDtQ2gFEjLv420201110,2020-11-10,,Toronto,Ontario,-34.0,-7.0,63.0,-53.0,-46.0,16.0
681,ChIJ5b2RG4_L1IkRDtQ2gFEjLv420201111,2020-11-11,,Toronto,Ontario,-35.0,-9.0,25.0,-56.0,-48.0,18.0
682,ChIJ5b2RG4_L1IkRDtQ2gFEjLv420201112,2020-11-12,,Toronto,Ontario,-37.0,-6.0,11.0,-55.0,-45.0,18.0
683,ChIJ5b2RG4_L1IkRDtQ2gFEjLv420201113,2020-11-13,,Toronto,Ontario,-38.0,-8.0,-4.0,-53.0,-45.0,18.0
684,ChIJ5b2RG4_L1IkRDtQ2gFEjLv420201114,2020-11-14,,Toronto,Ontario,-33.0,-5.0,43.0,-41.0,-10.0,8.0
685,ChIJ5b2RG4_L1IkRDtQ2gFEjLv420201115,2020-11-15,,Toronto,Ontario,-44.0,-22.0,-40.0,-51.0,-19.0,9.0
686,ChIJ5b2RG4_L1IkRDtQ2gFEjLv420201116,2020-11-16,,Toronto,Ontario,-40.0,-14.0,-23.0,-59.0,-48.0,18.0
687,ChIJ5b2RG4_L1IkRDtQ2gFEjLv420201117,2020-11-17,,Toronto,Ontario,-41.0,-13.0,-22.0,-58.0,-48.0,18.0
688,ChIJ5b2RG4_L1IkRDtQ2gFEjLv420201118,2020-11-18,,Toronto,Ontario,-41.0,-15.0,-23.0,-59.0,-48.0,19.0
689,ChIJ5b2RG4_L1IkRDtQ2gFEjLv420201119,2020-11-19,,Toronto,Ontario,-37.0,-8.0,3.0,-57.0,-46.0,19.0
690,ChIJ5b2RG4_L1IkRDtQ2gFEjLv420201120,2020-11-20,,Toronto,Ontario,-34.0,-5.0,33.0,-54.0,-47.0,18.0
691,ChIJ5b2RG4_L1IkRDtQ2gFEjLv420201121,2020-11-21,,Toronto,Ontario,-30.0,-2.0,11.0,-41.0,-8.0,8.0
692,ChIJ5b2RG4_L1IkRDtQ2gFEjLv420201122,2020-11-22,,Toronto,Ontario,-42.0,-23.0,-34.0,-49.0,-17.0,9.0
693,ChIJ5b2RG4_L1IkRDtQ2gFEjLv420201123,2020-11-23,,Toronto,Ontario,-51.0,-21.0,-28.0,-62.0,-50.0,20.0
694,ChIJ5b2RG4_L1IkRDtQ2gFEjLv420201124,2020-11-24,,Toronto,Ontario,-49.0,-18.0,-25.0,-62.0,-50.0,20.0
695,ChIJ5b2RG4_L1IkRDtQ2gFEjLv420201125,2020-11-25,,Toronto,Ontario,-49.0,-21.0,-30.0,-62.0,-49.0,21.0
696,ChIJ5b2RG4_L1IkRDtQ2gFEjLv420201126,2020-11-26,,Toronto,Ontario,-44.0,-10.0,-9.0,-60.0,-48.0,20.0
697,ChIJ5b2RG4_L1IkRDtQ2gFEjLv420201127,2020-11-27,,Toronto,Ontario,-45.0,-14.0,-8.0,-59.0,-47.0,20.0
698,ChIJ5b2RG4_L1IkRDtQ2gFEjLv420201128,2020-11-28,,Toronto,Ontario,-43.0,-11.0,34.0,-49.0,-14.0,10.0
699,ChIJ5b2RG4_L1IkRDtQ2gFEjLv420201129,2020-11-29,,Toronto,Ontario,-43.0,-15.0,42.0,-50.0,-19.0,8.0
700,ChIJ5b2RG4_L1IkRDtQ2gFEjLv420201130,2020-11-30,,Toronto,Ontario,-48.0,-24.0,-49.0,-63.0,-50.0,20.0
701,ChIJ5b2RG4_L1IkRDtQ2gFEjLv420201201,2020-12-01,,Toronto,Ontario,-51.0,-20.0,-28.0,-61.0,-51.0,21.0
702,ChIJ5b2RG4_L1IkRDtQ2gFEjLv420201202,2020-12-02,,Toronto,Ontario,-46.0,-13.0,-16.0,-60.0,-49.0,20.0
703,ChIJ5b2RG4_L1IkRDtQ2gFEjLv420201203,2020-12-03,,Toronto,Ontario,-45.0,-10.0,-13.0,-59.0,-48.0,20.0
704,ChIJ5b2RG4_L1IkRDtQ2gFEjLv420201204,2020-12-04,,Toronto,Ontario,-49.0,-18.0,-30.0,-60.0,-48.0,21.0
705,ChIJ5b2RG4_L1IkRDtQ2gFEjLv420201205,2020-12-05,,Toronto,Ontario,-45.0,-10.0,4.0,-49.0,-15.0,10.0
706,ChIJ5b2RG4_L1IkRDtQ2gFEjLv420201206,2020-12-06,,Toronto,Ontario,-47.0,-16.0,9.0,-52.0,-21.0,8.0
707,ChIJ5b2RG4_L1IkRDtQ2gFEjLv420201207,2020-12-07,,Toronto,Ontario,-48.0,-17.0,-23.0,-62.0,-49.0,19.0
708,ChIJ5b2RG4_L1IkRDtQ2gFEjLv420201208,2020-12-08,,Toronto,Ontario,-47.0,-15.0,-14.0,-61.0,-49.0,19.0
709,ChIJ5b2RG4_L1IkRDtQ2gFEjLv420201209,2020-12-09,,Toronto,Ontario,-50.0,-21.0,-29.0,-62.0,-50.0,21.0
710,ChIJ5b2RG4_L1IkRDtQ2gFEjLv420201210,2020-12-10,,Toronto,Ontario,-46.0,-10.0,-13.0,-60.0,-48.0,20.0
711,ChIJ5b2RG4_L1IkRDtQ2gFEjLv420201211,2020-12-11,,Toronto,Ontario,-45.0,-11.0,4.0,-58.0,-47.0,20.0
712,ChIJ5b2RG4_L1IkRDtQ2gFEjLv420201212,2020-12-12,,Toronto,Ontario,-50.0,-18.0,-33.0,-55.0,-18.0,12.0
713,ChIJ5b2RG4_L1IkRDtQ2gFEjLv420201213,2020-12-13,,Toronto,Ontario,-46.0,-14.0,2.0,-52.0,-20.0,8.0
714,ChIJ5b2RG4_L1IkRDtQ2gFEjLv420201214,2020-12-14,,Toronto,Ontario,-47.0,-14.0,-23.0,-62.0,-50.0,19.0
715,ChIJ5b2RG4_L1IkRDtQ2gFEjLv420201215,2020-12-15,,Toronto,Ontario,-46.0,-12.0,-22.0,-61.0,-50.0,19.0
716,ChIJ5b2RG4_L1IkRDtQ2gFEjLv420201216,2020-12-16,,Toronto,Ontario,-49.0,-20.0,-42.0,-64.0,-50.0,21.0
717,ChIJ5b2RG4_L1IkRDtQ2gFEjLv420201217,2020-12-17,,Toronto,Ontario,-45.0,-8.0,-21.0,-60.0,-49.0,21.0
718,ChIJ5b2RG4_L1IkRDtQ2gFEjLv420201218,2020-12-18,,Toronto,Ontario,-45.0,-10.0,-12.0,-59.0,-48.0,20.0
719,ChIJ5b2RG4_L1IkRDtQ2gFEjLv420201219,2020-12-19,,Toronto,Ontario,-46.0,-10.0,-6.0,-51.0,-16.0,11.0
720,ChIJ5b2RG4_L1IkRDtQ2gFEjLv420201220,2020-12-20,,Toronto,Ontario,-45.0,-14.0,-5.0,-52.0,-20.0,9.0
721,ChIJ5b2RG4_L1IkRDtQ2gFEjLv420201221,2020-12-21,,Toronto,Ontario,-39.0,-1.0,-4.0,-62.0,-54.0,19.0
722,ChIJ5b2RG4_L1IkRDtQ2gFEjLv420201222,2020-12-22,,Toronto,Ontario,-37.0,7.0,-6.0,-61.0,-55.0,18.0
723,ChIJ5b2RG4_L1IkRDtQ2gFEjLv420201223,2020-12-23,,Toronto,Ontario,-32.0,19.0,1.0,-60.0,-55.0,18.0
724,ChIJ5b2RG4_L1IkRDtQ2gFEjLv420201224,2020-12-24,,Toronto,Ontario,-40.0,16.0,-30.0,-67.0,-67.0,23.0
725,ChIJ5b2RG4_L1IkRDtQ2gFEjLv420201225,2020-12-25,,Toronto,Ontario,-84.0,-74.0,-2.0,-84.0,-86.0,32.0
726,ChIJ5b2RG4_L1IkRDtQ2gFEjLv420201226,2020-12-26,,Toronto,Ontario,-68.0,-44.0,-1.0,-67.0,-43.0,15.0
727,ChIJ5b2RG4_L1IkRDtQ2gFEjLv420201227,2020-12-27,,Toronto,Ontario,-56.0,-29.0,12.0,-60.0,-27.0,10.0
728,ChIJ5b2RG4_L1IkRDtQ2gFEjLv420201228,2020-12-28,,Toronto,Ontario,-52.0,-16.0,-15.0,-75.0,-74.0,27.0
729,ChIJ5b2RG4_L1IkRDtQ2gFEjLv420201229,2020-12-29,,Toronto,Ontario,-47.0,-8.0,5.0,-68.0,-64.0,23.0
730,ChIJ5b2RG4_L1IkRDtQ2gFEjLv420201230,2020-12-30,,Toronto,Ontario,-47.0,-6.0,-33.0,-69.0,-64.0,25.0
731,ChIJ5b2RG4_L1IkRDtQ2gFEjLv420201231,2020-12-31,,Toronto,Ontario,-41.0,11.0,5.0,-68.0,-67.0,25.0
